entity,batch_id,source_file,source_row,rule_id,error_code,error_detail,raw_payload
transactions,day1-baseline,transactions.csv,32,TX-AMT-BLANK,AMOUNT_BLANK,amount blank or not numeric,"{""transaction_id"": ""T0084"", ""account_id"": ""A0038"", ""product_id"": ""P002"", ""branch_id"": ""B042"", ""date"": ""2025-08-19"", ""timestamp"": ""2025-08-19 11:52:00"", ""amount"": """", ""payment_method"": ""Card"", ""status"": ""Success"", ""currency"": ""INR"", ""remarks"": """", ""is_refund"": ""N""}"
transactions,day1-baseline,transactions.csv,51,TX-AMT-BLANK,AMOUNT_BLANK,amount blank or not numeric,"{""transaction_id"": ""T0183"", ""account_id"": ""A0135"", ""product_id"": ""P004"", ""branch_id"": ""B006"", ""date"": ""09/05/2026"", ""timestamp"": ""2026-05-09 04:52:00"", ""amount"": """", ""payment_method"": ""Card"", ""status"": ""Pending"", ""currency"": ""INR"", ""remarks"": ""Salary Credit"", ""is_refund"": ""False""}"
transactions,day1-baseline,transactions.csv,71,TX-AMT-BLANK,AMOUNT_BLANK,amount blank or not numeric,"{""transaction_id"": ""T0016"", ""account_id"": ""A6241"", ""product_id"": ""P609"", ""branch_id"": ""B949"", ""date"": ""05-06-2026"", ""timestamp"": ""2026-06-05 21:23:00"", ""amount"": """", ""payment_method"": ""Cash"", ""status"": ""Pending"", ""currency"": ""INR"", ""remarks"": ""ATM Withdrawal"", ""is_refund"": """"}"
transactions,day1-baseline,transactions.csv,76,TX-AMT-BLANK,AMOUNT_BLANK,amount blank or not numeric,"{""transaction_id"": ""T0395"", ""account_id"": ""A0081"", ""product_id"": ""P085"", ""branch_id"": ""B024"", ""date"": ""01/03/2026"", ""timestamp"": ""2026-03-01 04:46:00"", ""amount"": """", ""payment_method"": ""Cash"", ""status"": ""pending"", ""currency"": ""INR"", ""remarks"": ""ATM Withdrawal"", ""is_refund"": ""False""}"
transactions,day1-baseline,transactions.csv,86,TX-AMT-BLANK,AMOUNT_BLANK,amount blank or not numeric,"{""transaction_id"": ""T0055"", ""account_id"": ""A2192"", ""product_id"": ""P020"", ""branch_id"": ""B393"", ""date"": ""2025-07-18"", ""timestamp"": ""2026-04-19 23:16:00"", ""amount"": """", ""payment_method"": ""UPI"", ""status"": ""Pending"", ""currency"": ""INR"", ""remarks"": ""Salary Credit"", ""is_refund"": """"}"
transactions,day1-baseline,transactions.csv,87,TX-AMT-BLANK,AMOUNT_BLANK,amount blank or not numeric,"{""transaction_id"": ""T0192"", ""account_id"": ""A3207"", ""product_id"": ""P045"", ""branch_id"": ""B005"", ""date"": ""2026-01-28"", ""timestamp"": ""2026-01-28 00:40:00"", ""amount"": """", ""payment_method"": ""NetBanking"", ""status"": ""Pending"", ""currency"": ""INR"", ""remarks"": ""Bill Payment"", ""is_refund"": ""False""}"
transactions,day1-baseline,transactions.csv,124,TX-AMT-BLANK,AMOUNT_BLANK,amount blank or not numeric,"{""transaction_id"": ""T0355"", ""account_id"": ""A0143"", ""product_id"": ""P053"", ""branch_id"": ""B011"", ""date"": ""21-01-2026"", ""timestamp"": ""2026-01-21 21:18:00"", ""amount"": """", ""payment_method"": ""UPI"", ""status"": ""SUCCESS"", ""currency"": ""INR"", ""remarks"": ""Bill Payment"", ""is_refund"": ""False""}"
transactions,day1-baseline,transactions.csv,302,TX-AMT-BLANK,AMOUNT_BLANK,amount blank or not numeric,"{""transaction_id"": ""T0629"", ""account_id"": ""A0076"", ""product_id"": ""P402"", ""branch_id"": ""B055"", ""date"": ""2025-07-26"", ""timestamp"": ""2025-07-26 13:16:00"", ""amount"": """", ""payment_method"": ""NetBanking"", ""status"": ""Success"", ""currency"": ""INR"", ""remarks"": ""EMI Payment"", ""is_refund"": ""N""}"
transactions,day1-baseline,transactions.csv,457,TX-AMT-BLANK,AMOUNT_BLANK,amount blank or not numeric,"{""transaction_id"": ""T0829"", ""account_id"": ""A2187"", ""product_id"": ""P006"", ""branch_id"": ""B018"", ""date"": ""2026-09-07"", ""timestamp"": ""2026-09-07 05:02:00"", ""amount"": """", ""payment_method"": ""Cash"", ""status"": ""Success"", ""currency"": ""INR"", ""remarks"": ""EMI Payment"", ""is_refund"": """"}"
transactions,day1-baseline,transactions.csv,545,TX-AMT-BLANK,AMOUNT_BLANK,amount blank or not numeric,"{""transaction_id"": ""T0251"", ""account_id"": ""A0077"", ""product_id"": ""P504"", ""branch_id"": ""B012"", ""date"": ""2026-06-13"", ""timestamp"": ""2026-06-13 00:23:00"", ""amount"": """", ""payment_method"": ""NetBanking"", ""status"": ""Pending"", ""currency"": ""INR"", ""remarks"": ""Salary Credit"", ""is_refund"": ""False""}"
transactions,day1-baseline,transactions.csv,612,TX-AMT-BLANK,AMOUNT_BLANK,amount blank or not numeric,"{""transaction_id"": ""T0522"", ""account_id"": ""A0086"", ""product_id"": ""P004"", ""branch_id"": ""B042"", ""date"": ""2026-04-21"", ""timestamp"": ""2025-10-16 22:07:00"", ""amount"": """", ""payment_method"": ""Cash"", ""status"": ""Pending"", ""currency"": ""INR"", ""remarks"": ""Salary Credit"", ""is_refund"": """"}"
transactions,day1-baseline,transactions.csv,619,TX-AMT-BLANK,AMOUNT_BLANK,amount blank or not numeric,"{""transaction_id"": ""T0044"", ""account_id"": ""A0043"", ""product_id"": ""P610"", ""branch_id"": ""B056"", ""date"": ""2025-11-25"", ""timestamp"": ""2025-11-25 21:08:00"", ""amount"": """", ""payment_method"": ""Card"", ""status"": ""FAILED"", ""currency"": ""INR"", ""remarks"": """", ""is_refund"": ""0""}"
transactions,day1-baseline,transactions.csv,621,TX-AMT-BLANK,AMOUNT_BLANK,amount blank or not numeric,"{""transaction_id"": ""T0666"", ""account_id"": ""A0132"", ""product_id"": ""P013"", ""branch_id"": ""B065"", ""date"": ""2025-07-31"", ""timestamp"": ""2025-07-31 15:36:00"", ""amount"": """", ""payment_method"": ""Cash"", ""status"": ""pending"", ""currency"": ""inr"", ""remarks"": ""Bill Payment"", ""is_refund"": ""0""}"
transactions,day1-baseline,transactions.csv,698,TX-AMT-BLANK,AMOUNT_BLANK,amount blank or not numeric,"{""transaction_id"": ""T0263"", ""account_id"": ""A0120"", ""product_id"": ""P093"", ""branch_id"": ""B074"", ""date"": ""2026-08-04"", ""timestamp"": ""2026-08-04 00:20:00"", ""amount"": """", ""payment_method"": ""Cash"", ""status"": ""Failed"", ""currency"": ""INR"", ""remarks"": ""Salary Credit"", ""is_refund"": ""False""}"
transactions,day1-baseline,transactions.csv,713,TX-AMT-BLANK,AMOUNT_BLANK,amount blank or not numeric,"{""transaction_id"": ""T0840"", ""account_id"": ""A0037"", ""product_id"": ""P063"", ""branch_id"": ""B051"", ""date"": ""2026-01-17"", ""timestamp"": ""2025-09-20 05:11:00"", ""amount"": """", ""payment_method"": ""NetBanking"", ""status"": ""Pending"", ""currency"": ""INR"", ""remarks"": ""ATM Withdrawal"", ""is_refund"": ""False""}"
transactions,day1-baseline,transactions.csv,797,TX-AMT-BLANK,AMOUNT_BLANK,amount blank or not numeric,"{""transaction_id"": ""T0800"", ""account_id"": ""A0098"", ""product_id"": ""P069"", ""branch_id"": ""B022"", ""date"": ""2026/06/05"", ""timestamp"": ""2025-07-31 20:13:00"", ""amount"": """", ""payment_method"": ""UPI"", ""status"": ""Success"", ""currency"": ""INR"", ""remarks"": """", ""is_refund"": ""False""}"
transactions,day1-baseline,transactions.csv,821,TX-AMT-BLANK,AMOUNT_BLANK,amount blank or not numeric,"{""transaction_id"": ""T0539"", ""account_id"": ""A5233"", ""product_id"": ""P505"", ""branch_id"": ""B071"", ""date"": ""2026-02-08"", ""timestamp"": ""2026-02-08 01:38:00"", ""amount"": """", ""payment_method"": ""UPI"", ""status"": ""Pending"", ""currency"": ""INR"", ""remarks"": ""Salary Credit"", ""is_refund"": ""N""}"
transactions,day1-baseline,transactions.csv,856,TX-AMT-BLANK,AMOUNT_BLANK,amount blank or not numeric,"{""transaction_id"": ""T0017"", ""account_id"": ""A1180"", ""product_id"": ""P967"", ""branch_id"": ""B053"", ""date"": ""2025-12-04"", ""timestamp"": ""2025-12-04 12:47:00"", ""amount"": """", ""payment_method"": ""UPI"", ""status"": ""Failed"", ""currency"": ""INR"", ""remarks"": """", ""is_refund"": ""False""}"
transactions,day1-baseline,transactions.csv,888,TX-AMT-BLANK,AMOUNT_BLANK,amount blank or not numeric,"{""transaction_id"": ""T0794"", ""account_id"": ""A1177"", ""product_id"": ""P069"", ""branch_id"": ""B035"", ""date"": ""2025/12/07"", ""timestamp"": ""2025-10-22 11:29:00"", ""amount"": """", ""payment_method"": ""UPI"", ""status"": ""Success"", ""currency"": ""INR"", ""remarks"": ""Fund Transfer"", ""is_refund"": ""N""}"
transactions,day1-baseline,transactions.csv,890,TX-AMT-BLANK,AMOUNT_BLANK,amount blank or not numeric,"{""transaction_id"": ""T0844"", ""account_id"": ""A0151"", ""product_id"": ""P032"", ""branch_id"": ""B033"", ""date"": ""2025-10-20"", ""timestamp"": ""2025-10-20 22:22:00"", ""amount"": """", ""payment_method"": ""NetBanking"", ""status"": ""Failed"", ""currency"": ""INR"", ""remarks"": ""Bill Payment"", ""is_refund"": ""False""}"
transactions,day1-baseline,transactions.csv,891,TX-AMT-BLANK,AMOUNT_BLANK,amount blank or not numeric,"{""transaction_id"": ""T0147"", ""account_id"": ""A0152"", ""product_id"": ""P072"", ""branch_id"": ""B012"", ""date"": ""2025-09-07"", ""timestamp"": ""2025-09-07 00:38:00"", ""amount"": """", ""payment_method"": ""NetBanking"", ""status"": ""Failed"", ""currency"": ""USD"", ""remarks"": """", ""is_refund"": ""N""}"
transactions,day1-baseline,transactions.csv,917,TX-AMT-BLANK,AMOUNT_BLANK,amount blank or not numeric,"{""transaction_id"": ""T0726"", ""account_id"": ""A0006"", ""product_id"": ""P054"", ""branch_id"": ""B599"", ""date"": ""2025/12/17"", ""timestamp"": ""2026-02-23 00:51:00"", ""amount"": """", ""payment_method"": ""Cheque"", ""status"": ""Success"", ""currency"": ""INR"", ""remarks"": ""EMI Payment"", ""is_refund"": ""0""}"
transactions,day1-baseline,transactions.csv,114,TX-AMT-ZERO,AMOUNT_ZERO,amount is zero,"{""transaction_id"": ""T0655"", ""account_id"": ""A0143"", ""product_id"": ""P018"", ""branch_id"": ""B288"", ""date"": ""2026-02-11"", ""timestamp"": ""2026-04-18 04:12:00"", ""amount"": ""0"", ""payment_method"": ""upi"", ""status"": ""Failed"", ""currency"": ""INR"", ""remarks"": ""Salary Credit"", ""is_refund"": ""0""}"
transactions,day1-baseline,transactions.csv,119,TX-AMT-ZERO,AMOUNT_ZERO,amount is zero,"{""transaction_id"": ""T0260"", ""account_id"": ""A0021"", ""product_id"": ""P062"", ""branch_id"": ""B016"", ""date"": ""2026-07-25"", ""timestamp"": ""2026-09-17 11:07:00"", ""amount"": ""0"", ""payment_method"": ""Card "", ""status"": ""Success"", ""currency"": ""INR"", ""remarks"": ""EMI Payment"", ""is_refund"": ""False""}"
transactions,day1-baseline,transactions.csv,294,TX-AMT-ZERO,AMOUNT_ZERO,amount is zero,"{""transaction_id"": ""T0808"", ""account_id"": ""A0134"", ""product_id"": ""P074"", ""branch_id"": ""B026"", ""date"": ""2025-10-25"", ""timestamp"": ""2025-10-25 13:06:00"", ""amount"": ""0"", ""payment_method"": ""Card"", ""status"": ""Success"", ""currency"": ""INR"", ""remarks"": ""Salary Credit"", ""is_refund"": ""N""}"
transactions,day1-baseline,transactions.csv,301,TX-AMT-ZERO,AMOUNT_ZERO,amount is zero,"{""transaction_id"": ""T0169"", ""account_id"": ""A0111"", ""product_id"": ""P007"", ""branch_id"": ""B007"", ""date"": ""04/10/2026"", ""timestamp"": ""2026-08-28 22:38:00"", ""amount"": ""0"", ""payment_method"": ""Cash"", ""status"": ""Pending"", ""currency"": ""INR"", ""remarks"": """", ""is_refund"": ""N""}"
transactions,day1-baseline,transactions.csv,416,TX-AMT-ZERO,AMOUNT_ZERO,amount is zero,"{""transaction_id"": ""T0030"", ""account_id"": ""A0144"", ""product_id"": ""P015"", ""branch_id"": ""B058"", ""date"": ""2026-05-09"", ""timestamp"": ""2025-11-26 06:00:00"", ""amount"": ""0"", ""payment_method"": ""NetBanking"", ""status"": ""Pending"", ""currency"": ""INR"", ""remarks"": ""ATM Withdrawal"", ""is_refund"": ""False""}"
transactions,day1-baseline,transactions.csv,423,TX-AMT-ZERO,AMOUNT_ZERO,amount is zero,"{""transaction_id"": ""T0034"", ""account_id"": ""A1172"", ""product_id"": ""P036"", ""branch_id"": ""B598"", ""date"": ""2025-07-20"", ""timestamp"": ""2025-07-20 02:28:00"", ""amount"": ""0"", ""payment_method"": ""UPI"", ""status"": ""Success"", ""currency"": ""INR"", ""remarks"": ""Salary Credit"", ""is_refund"": ""0""}"
transactions,day1-baseline,transactions.csv,463,TX-AMT-ZERO,AMOUNT_ZERO,amount is zero,"{""transaction_id"": ""T0410"", ""account_id"": ""A0077"", ""product_id"": ""P089"", ""branch_id"": ""B496"", ""date"": ""08/10/2025"", ""timestamp"": ""2026-05-04 05:53:00"", ""amount"": ""0"", ""payment_method"": ""NetBanking"", ""status"": ""Pending"", ""currency"": ""INR"", ""remarks"": ""EMI Payment"", ""is_refund"": ""N""}"
transactions,day1-baseline,transactions.csv,469,TX-AMT-ZERO,AMOUNT_ZERO,amount is zero,"{""transaction_id"": ""T0872"", ""account_id"": ""A0066"", ""product_id"": ""P077"", ""branch_id"": ""B016"", ""date"": ""2025-09-16"", ""timestamp"": ""2025-09-16 17:30:00"", ""amount"": ""0"", ""payment_method"": ""UPI"", ""status"": ""Failed"", ""currency"": ""INR"", ""remarks"": ""Bill Payment"", ""is_refund"": """"}"
transactions,day1-baseline,transactions.csv,472,TX-AMT-ZERO,AMOUNT_ZERO,amount is zero,"{""transaction_id"": ""T0755"", ""account_id"": ""A2191"", ""product_id"": ""P072"", ""branch_id"": ""B600"", ""date"": ""2025-10-13"", ""timestamp"": ""2025-10-27 15:32:00"", ""amount"": ""0"", ""payment_method"": ""Cash"", ""status"": ""Success"", ""currency"": ""INR"", ""remarks"": ""Salary Credit"", ""is_refund"": ""0""}"
transactions,day1-baseline,transactions.csv,538,TX-AMT-ZERO,AMOUNT_ZERO,amount is zero,"{""transaction_id"": ""T0287"", ""account_id"": ""A0055"", ""product_id"": ""P958"", ""branch_id"": ""B286"", ""date"": ""08/31/2025"", ""timestamp"": ""2025-08-31 00:37:00"", ""amount"": ""0"", ""payment_method"": ""Card"", ""status"": ""Failed"", ""currency"": ""INR"", ""remarks"": ""ATM Withdrawal"", ""is_refund"": ""True""}"
transactions,day1-baseline,transactions.csv,597,TX-AMT-ZERO,AMOUNT_ZERO,amount is zero,"{""transaction_id"": ""T0002"", ""account_id"": ""A0045"", ""product_id"": ""P055"", ""branch_id"": ""B073"", ""date"": ""25/12/2025"", ""timestamp"": ""2025-12-25 14:46:00"", ""amount"": ""0"", ""payment_method"": ""NetBanking"", ""status"": ""Failed"", ""currency"": ""INR"", ""remarks"": ""ATM Withdrawal"", ""is_refund"": ""N""}"
transactions,day1-baseline,transactions.csv,633,TX-AMT-ZERO,AMOUNT_ZERO,amount is zero,"{""transaction_id"": ""T0280"", ""account_id"": ""A0158"", ""product_id"": ""P030"", ""branch_id"": ""B004"", ""date"": ""2026-07-11"", ""timestamp"": ""2026-04-26 02:18:00"", ""amount"": ""0"", ""payment_method"": ""NetBanking"", ""status"": ""Success"", ""currency"": ""INR"", ""remarks"": ""Salary Credit"", ""is_refund"": """"}"
transactions,day1-baseline,transactions.csv,680,TX-AMT-ZERO,AMOUNT_ZERO,amount is zero,"{""transaction_id"": ""T0693"", ""account_id"": ""A4216"", ""product_id"": ""P033"", ""branch_id"": ""B070"", ""date"": ""06/29/2026"", ""timestamp"": ""2026-08-02 12:11:00"", ""amount"": ""0"", ""payment_method"": ""UPI"", ""status"": ""Pending"", ""currency"": ""INR"", ""remarks"": ""Fund Transfer"", ""is_refund"": ""0""}"
transactions,day1-baseline,transactions.csv,861,TX-AMT-ZERO,AMOUNT_ZERO,amount is zero,"{""transaction_id"": ""T0296"", ""account_id"": ""A4213"", ""product_id"": ""P040"", ""branch_id"": ""B070"", ""date"": ""2025-12-03"", ""timestamp"": ""2025-12-03 07:01:00"", ""amount"": ""0"", ""payment_method"": ""Cash"", ""status"": ""Success"", ""currency"": ""INR"", ""remarks"": ""ATM Withdrawal"", ""is_refund"": ""False""}"
transactions,day1-baseline,transactions.csv,105,TX-AMT-NEG,AMOUNT_NEGATIVE,amount is negative,"{""transaction_id"": ""T0213"", ""account_id"": ""A0022"", ""product_id"": ""P058"", ""branch_id"": ""B390"", ""date"": ""2026-06-04"", ""timestamp"": ""2026-06-04 16:43:00"", ""amount"": ""-160196"", ""payment_method"": ""Card"", ""status"": ""Pending"", ""currency"": ""INR"", ""remarks"": ""Bill Payment"", ""is_refund"": ""0""}"
transactions,day1-baseline,transactions.csv,128,TX-AMT-NEG,AMOUNT_NEGATIVE,amount is negative,"{""transaction_id"": ""T0083"", ""account_id"": ""A0056"", ""product_id"": ""P001"", ""branch_id"": ""B391"", ""date"": ""2025-07-28"", ""timestamp"": ""2026-01-31 20:58:00"", ""amount"": ""-93819"", ""payment_method"": ""Card"", ""status"": ""Failed"", ""currency"": ""INR"", ""remarks"": """", ""is_refund"": ""0""}"
transactions,day1-baseline,transactions.csv,170,TX-AMT-NEG,AMOUNT_NEGATIVE,amount is negative,"{""transaction_id"": ""T0582"", ""account_id"": ""A9635"", ""product_id"": ""P068"", ""branch_id"": ""B184"", ""date"": ""2026-06-22"", ""timestamp"": ""2026-06-22 03:18:00"", ""amount"": ""-23342"", ""payment_method"": ""Cash"", ""status"": ""Failed"", ""currency"": ""INR"", ""remarks"": ""Fund Transfer"", ""is_refund"": ""True""}"
transactions,day1-baseline,transactions.csv,258,TX-AMT-NEG,AMOUNT_NEGATIVE,amount is negative,"{""transaction_id"": ""T0486"", ""account_id"": ""A7247"", ""product_id"": ""P021"", ""branch_id"": ""B601"", ""date"": ""29-03-2026"", ""timestamp"": ""2026-03-29 01:24:00"", ""amount"": ""-96070"", ""payment_method"": ""Cash"", ""status"": ""Failed"", ""currency"": ""INR"", ""remarks"": ""EMI Payment"", ""is_refund"": """"}"
transactions,day1-baseline,transactions.csv,270,TX-AMT-NEG,AMOUNT_NEGATIVE,amount is negative,"{""transaction_id"": ""T0634"", ""account_id"": ""A6242"", ""product_id"": ""P038"", ""branch_id"": ""B035"", ""date"": ""25-12-2025"", ""timestamp"": ""2025-12-25 23:24:00"", ""amount"": ""-140036"", ""payment_method"": ""Card"", ""status"": ""Success"", ""currency"": ""INR"", ""remarks"": ""ATM Withdrawal"", ""is_refund"": ""N""}"
transactions,day1-baseline,transactions.csv,284,TX-AMT-NEG,AMOUNT_NEGATIVE,amount is negative,"{""transaction_id"": ""T0729"", ""account_id"": ""A1174"", ""product_id"": ""P298"", ""branch_id"": ""B027"", ""date"": ""2026-08-28"", ""timestamp"": ""2026-08-28 09:42:00"", ""amount"": ""-47655"", ""payment_method"": ""UPI"", ""status"": ""SUCCESS"", ""currency"": ""INR"", ""remarks"": ""Salary Credit"", ""is_refund"": ""0""}"
transactions,day1-baseline,transactions.csv,289,TX-AMT-NEG,AMOUNT_NEGATIVE,amount is negative,"{""transaction_id"": ""T0265"", ""account_id"": ""A9018"", ""product_id"": ""P057"", ""branch_id"": ""B050"", ""date"": ""2025-07-03"", ""timestamp"": ""2025-07-03 09:08:00"", ""amount"": ""-106094"", ""payment_method"": ""upi"", ""status"": ""pending"", ""currency"": ""INR"", ""remarks"": """", ""is_refund"": ""0""}"
transactions,day1-baseline,transactions.csv,291,TX-AMT-NEG,AMOUNT_NEGATIVE,amount is negative,"{""transaction_id"": ""T0245"", ""account_id"": ""A0036"", ""product_id"": ""P044"", ""branch_id"": ""B006"", ""date"": ""2026-06-15"", ""timestamp"": ""2026-06-15 14:16:00"", ""amount"": ""-179427"", ""payment_method"": ""Cash"", ""status"": ""Success"", ""currency"": ""INR"", ""remarks"": ""Online Purchase"", ""is_refund"": ""False""}"
transactions,day1-baseline,transactions.csv,390,TX-AMT-NEG,AMOUNT_NEGATIVE,amount is negative,"{""transaction_id"": ""T0501"", ""account_id"": ""A3208"", ""product_id"": ""P063"", ""branch_id"": ""B006"", ""date"": ""2026-12-23"", ""timestamp"": ""2025-09-23 09:21:00"", ""amount"": ""-26706"", ""payment_method"": ""NetBanking"", ""status"": ""Pending"", ""currency"": ""INR"", ""remarks"": ""Salary Credit"", ""is_refund"": ""False""}"
transactions,day1-baseline,transactions.csv,407,TX-AMT-NEG,AMOUNT_NEGATIVE,amount is negative,"{""transaction_id"": ""T0641"", ""account_id"": ""A0046"", ""product_id"": ""P058"", ""branch_id"": ""B038"", ""date"": ""2026/02/16"", ""timestamp"": ""2026-02-16 08:24:00"", ""amount"": ""-61461"", ""payment_method"": ""UPI"", ""status"": ""Success"", ""currency"": ""INR"", ""remarks"": ""Fund Transfer"", ""is_refund"": """"}"
transactions,day1-baseline,transactions.csv,430,TX-AMT-NEG,AMOUNT_NEGATIVE,amount is negative,"{""transaction_id"": ""T0351"", ""account_id"": ""A0084"", ""product_id"": ""P507"", ""branch_id"": ""B057"", ""date"": ""2026-09-20"", ""timestamp"": ""2026-09-20 01:29:00"", ""amount"": ""-74349"", ""payment_method"": ""UPI"", ""status"": ""Pending"", ""currency"": ""INR"", ""remarks"": ""Bill Payment"", ""is_refund"": ""N""}"
transactions,day1-baseline,transactions.csv,525,TX-AMT-NEG,AMOUNT_NEGATIVE,amount is negative,"{""transaction_id"": ""T0413"", ""account_id"": ""A0052"", ""product_id"": ""P065"", ""branch_id"": ""B600"", ""date"": ""2025-09-29"", ""timestamp"": ""2025-09-29 14:01:00"", ""amount"": ""-163575"", ""payment_method"": ""UPI"", ""status"": ""Failed"", ""currency"": ""INR"", ""remarks"": ""Bill Payment"", ""is_refund"": ""False""}"
transactions,day1-baseline,transactions.csv,579,TX-AMT-NEG,AMOUNT_NEGATIVE,amount is negative,"{""transaction_id"": ""T0664"", ""account_id"": ""A0085"", ""product_id"": ""P090"", ""branch_id"": ""B013"", ""date"": ""2026-01-04"", ""timestamp"": ""2026-01-04 07:42:00"", ""amount"": ""-17739"", ""payment_method"": ""UPI"", ""status"": ""Success"", ""currency"": ""INR"", ""remarks"": ""Bill Payment"", ""is_refund"": ""False""}"
transactions,day1-baseline,transactions.csv,732,TX-AMT-NEG,AMOUNT_NEGATIVE,amount is negative,"{""transaction_id"": ""T0336"", ""account_id"": ""A0148"", ""product_id"": ""P934"", ""branch_id"": ""B061"", ""date"": ""2025-07-18"", ""timestamp"": ""2025-07-18 20:30:00"", ""amount"": ""-104910"", ""payment_method"": ""Cash"", ""status"": ""Pending"", ""currency"": ""INR"", ""remarks"": ""Online Purchase"", ""is_refund"": """"}"
transactions,day1-baseline,transactions.csv,812,TX-AMT-NEG,AMOUNT_NEGATIVE,amount is negative,"{""transaction_id"": ""T0495"", ""account_id"": ""A0022"", ""product_id"": ""P015"", ""branch_id"": ""B021"", ""date"": ""09-10-2025"", ""timestamp"": ""2026-01-13 08:25:00"", ""amount"": ""-58233"", ""payment_method"": ""Card"", ""status"": ""Failed"", ""currency"": ""INR"", ""remarks"": ""Bill Payment"", ""is_refund"": ""False""}"
transactions,day1-baseline,transactions.csv,892,TX-AMT-NEG,AMOUNT_NEGATIVE,amount is negative,"{""transaction_id"": ""T0213"", ""account_id"": ""A0022"", ""product_id"": ""P058"", ""branch_id"": ""B390"", ""date"": ""2026-06-04"", ""timestamp"": ""2026-06-04 16:43:00"", ""amount"": ""-160196"", ""payment_method"": ""Card"", ""status"": ""Pending"", ""currency"": ""INR"", ""remarks"": ""Bill Payment"", ""is_refund"": ""0""}"
transactions,day1-baseline,transactions.csv,765,TX-FUT-DATE,FUTURE_DATE,date column after run date,"{""transaction_id"": ""T0717"", ""account_id"": ""A0069"", ""product_id"": ""P013"", ""branch_id"": ""B289"", ""date"": ""2026-11-08"", ""timestamp"": ""2026-07-21 05:12:00"", ""amount"": ""53201"", ""payment_method"": ""upi"", ""status"": ""Success"", ""currency"": ""INR"", ""remarks"": ""ATM Withdrawal"", ""is_refund"": ""False""}"
transactions,day1-baseline,transactions.csv,777,TX-FUT-DATE,FUTURE_DATE,date column after run date,"{""transaction_id"": ""T0439"", ""account_id"": ""A0029"", ""product_id"": ""P055"", ""branch_id"": ""B062"", ""date"": ""2027-01-07"", ""timestamp"": ""2026-05-04 20:18:00"", ""amount"": ""57715"", ""payment_method"": ""Card"", ""status"": ""Succes"", ""currency"": ""INR"", ""remarks"": ""Bill Payment"", ""is_refund"": ""False""}"
transactions,day1-baseline,transactions.csv,823,TX-FUT-DATE,FUTURE_DATE,date column after run date,"{""transaction_id"": ""T0793"", ""account_id"": ""A0035"", ""product_id"": ""P080"", ""branch_id"": ""B054"", ""date"": ""2027-02-12"", ""timestamp"": ""2025-09-16 20:14:00"", ""amount"": ""135068"", ""payment_method"": ""UPI"", ""status"": ""Success"", ""currency"": ""INR"", ""remarks"": ""ATM Withdrawal"", ""is_refund"": ""False""}"
transactions,day1-baseline,transactions.csv,854,TX-FUT-DATE,FUTURE_DATE,date column after run date,"{""transaction_id"": ""T0717"", ""account_id"": ""A0069"", ""product_id"": ""P013"", ""branch_id"": ""B289"", ""date"": ""2026-11-08"", ""timestamp"": ""2026-07-21 05:12:00"", ""amount"": ""53201"", ""payment_method"": ""upi"", ""status"": ""Success"", ""currency"": ""INR"", ""remarks"": ""ATM Withdrawal"", ""is_refund"": ""False""}"
transactions,day1-baseline,transactions.csv,117,TX-DUP,DUPLICATE_RECORD,exact duplicate of an earlier row,"{""transaction_id"": ""T0412"", ""account_id"": ""A9541"", ""product_id"": ""P021"", ""branch_id"": ""B941"", ""date"": ""2025-07-15"", ""timestamp"": ""2025-07-15 18:36:00"", ""amount"": ""98761"", ""payment_method"": ""Card"", ""status"": ""Success"", ""currency"": ""INR"", ""remarks"": ""Salary Credit"", ""is_refund"": """"}"
transactions,day1-baseline,transactions.csv,127,TX-DUP,DUPLICATE_RECORD,exact duplicate of an earlier row,"{""transaction_id"": ""T0572"", ""account_id"": ""A0165"", ""product_id"": ""P027"", ""branch_id"": ""B029"", ""date"": ""2026-02-19"", ""timestamp"": ""2026-02-19 01:35:00"", ""amount"": ""155330"", ""payment_method"": ""Cash"", ""status"": ""Success"", ""currency"": ""INR"", ""remarks"": ""EMI Payment"", ""is_refund"": """"}"
transactions,day1-baseline,transactions.csv,347,TX-DUP,DUPLICATE_RECORD,exact duplicate of an earlier row,"{""transaction_id"": ""T0388"", ""account_id"": ""A0081"", ""product_id"": ""P928"", ""branch_id"": ""B077"", ""date"": ""08/17/2025"", ""timestamp"": ""2025-08-17 02:07:00"", ""amount"": ""125199"", ""payment_method"": ""Cash"", ""status"": ""Pending"", ""currency"": ""INR"", ""remarks"": ""EMI Payment"", ""is_refund"": """"}"
transactions,day1-baseline,transactions.csv,369,TX-DUP,DUPLICATE_RECORD,exact duplicate of an earlier row,"{""transaction_id"": ""T0035"", ""account_id"": ""A0042"", ""product_id"": ""P034"", ""branch_id"": ""B048"", ""date"": ""2026-03-25"", ""timestamp"": ""2025-12-07 01:43:00"", ""amount"": ""156288"", ""payment_method"": ""UPI"", ""status"": ""sucess"", ""currency"": ""INR"", ""remarks"": ""ATM Withdrawal"", ""is_refund"": ""N""}"
transactions,day1-baseline,transactions.csv,392,TX-DUP,DUPLICATE_RECORD,exact duplicate of an earlier row,"{""transaction_id"": ""T0454"", ""account_id"": ""A5228"", ""product_id"": ""P056"", ""branch_id"": ""B040"", ""date"": ""2025-10-12"", ""timestamp"": ""2025-10-12 08:21:00"", ""amount"": ""51820"", ""payment_method"": ""UPI"", ""status"": ""Failed"", ""currency"": ""INR"", ""remarks"": ""ATM Withdrawal"", ""is_refund"": ""N""}"
transactions,day1-baseline,transactions.csv,637,TX-DUP,DUPLICATE_RECORD,exact duplicate of an earlier row,"{""transaction_id"": ""T0344"", ""account_id"": ""A5222"", ""product_id"": ""P506"", ""branch_id"": ""B011"", ""date"": ""06-07-2026"", ""timestamp"": ""2026-07-06 10:30:00"", ""amount"": ""178379"", ""payment_method"": ""Cash"", ""status"": ""Pending"", ""currency"": ""INR"", ""remarks"": ""Bill Payment"", ""is_refund"": """"}"
transactions,day1-baseline,transactions.csv,667,TX-DUP,DUPLICATE_RECORD,exact duplicate of an earlier row,"{""transaction_id"": ""T0306"", ""account_id"": ""A7249"", ""product_id"": ""P068"", ""branch_id"": ""B063"", ""date"": ""2026-02-13"", ""timestamp"": ""2025-08-09 07:13:00"", ""amount"": ""85903"", ""payment_method"": ""Card"", ""status"": ""Faild"", ""currency"": ""INR"", ""remarks"": ""Online Purchase"", ""is_refund"": ""0""}"
transactions,day1-baseline,transactions.csv,677,TX-DUP,DUPLICATE_RECORD,exact duplicate of an earlier row,"{""transaction_id"": ""T0490"", ""account_id"": ""A3203"", ""product_id"": ""P063"", ""branch_id"": ""B073"", ""date"": ""09/29/2026"", ""timestamp"": ""2026-09-29 20:33:00"", ""amount"": ""93282"", ""payment_method"": ""NetBanking"", ""status"": ""Pending"", ""currency"": ""INR"", ""remarks"": ""Bill Payment"", ""is_refund"": ""True""}"
transactions,day1-baseline,transactions.csv,720,TX-DUP,DUPLICATE_RECORD,exact duplicate of an earlier row,"{""transaction_id"": ""T0054"", ""account_id"": ""A1173"", ""product_id"": ""P086"", ""branch_id"": ""B004"", ""date"": ""2025-08-01"", ""timestamp"": ""2025-08-01 10:03:00"", ""amount"": ""68195"", ""payment_method"": ""NetBanking"", ""status"": ""Pending"", ""currency"": ""INR"", ""remarks"": ""Online Purchase"", ""is_refund"": ""False""}"
transactions,day1-baseline,transactions.csv,739,TX-DUP,DUPLICATE_RECORD,exact duplicate of an earlier row,"{""transaction_id"": ""T0371"", ""account_id"": ""A0109"", ""product_id"": ""P033"", ""branch_id"": ""B026"", ""date"": ""2025/12/01"", ""timestamp"": ""2025-12-01 18:27:00"", ""amount"": ""29735"", ""payment_method"": ""NetBanking"", ""status"": ""Pending"", ""currency"": ""INR"", ""remarks"": ""Online Purchase"", ""is_refund"": ""0""}"
transactions,day1-baseline,transactions.csv,741,TX-DUP,DUPLICATE_RECORD,exact duplicate of an earlier row,"{""transaction_id"": ""T0748"", ""account_id"": ""A6234"", ""product_id"": ""P002"", ""branch_id"": ""B007"", ""date"": ""2025-07-10"", ""timestamp"": ""2025-07-10 16:30:00"", ""amount"": ""42966"", ""payment_method"": ""NetBanking"", ""status"": ""Failed"", ""currency"": ""INR"", ""remarks"": ""EMI Payment"", ""is_refund"": ""False""}"
transactions,day1-baseline,transactions.csv,766,TX-DUP,DUPLICATE_RECORD,exact duplicate of an earlier row,"{""transaction_id"": ""T0004"", ""account_id"": ""A0074"", ""product_id"": ""P082"", ""branch_id"": ""B495"", ""date"": ""2025-10-06"", ""timestamp"": ""2025-10-06 15:49:00"", ""amount"": ""145063"", ""payment_method"": ""netbanking"", ""status"": ""SUCCESS"", ""currency"": ""INR"", ""remarks"": ""Bill Payment"", ""is_refund"": ""True""}"
transactions,day1-baseline,transactions.csv,768,TX-DUP,DUPLICATE_RECORD,exact duplicate of an earlier row,"{""transaction_id"": ""T0244"", ""account_id"": ""A0016"", ""product_id"": ""P057"", ""branch_id"": ""B037"", ""date"": ""2026-07-31"", ""timestamp"": ""2026-07-31 15:16:00"", ""amount"": ""116379"", ""payment_method"": ""Cheque"", ""status"": ""Pending"", ""currency"": ""INR"", ""remarks"": ""ATM Withdrawal"", ""is_refund"": """"}"
transactions,day1-baseline,transactions.csv,780,TX-DUP,DUPLICATE_RECORD,exact duplicate of an earlier row,"{""transaction_id"": ""T0630"", ""account_id"": ""A2186"", ""product_id"": ""P061"", ""branch_id"": ""B184"", ""date"": ""03-02-2026"", ""timestamp"": ""2026-09-12 11:16:00"", ""amount"": ""106520"", ""payment_method"": ""UPI"", ""status"": ""pending"", ""currency"": ""INR"", ""remarks"": ""EMI Payment"", ""is_refund"": ""N""}"
transactions,day1-baseline,transactions.csv,786,TX-DUP,DUPLICATE_RECORD,exact duplicate of an earlier row,"{""transaction_id"": ""T0029"", ""account_id"": ""A0106"", ""product_id"": ""P075"", ""branch_id"": ""B037"", ""date"": ""10/05/2026"", ""timestamp"": ""2026-04-19 23:40:00"", ""amount"": ""139160"", ""payment_method"": ""UPI"", ""status"": ""Failed"", ""currency"": ""INR"", ""remarks"": ""Salary Credit"", ""is_refund"": ""False""}"
transactions,day1-baseline,transactions.csv,787,TX-DUP,DUPLICATE_RECORD,exact duplicate of an earlier row,"{""transaction_id"": ""T0817"", ""account_id"": ""A0004"", ""product_id"": ""P024"", ""branch_id"": ""B497"", ""date"": ""2025/10/26"", ""timestamp"": ""2025-10-26 23:03:00"", ""amount"": ""57257"", ""payment_method"": ""NetBanking"", ""status"": ""Success"", ""currency"": ""INR"", ""remarks"": ""EMI Payment"", ""is_refund"": ""0""}"
transactions,day1-baseline,transactions.csv,832,TX-DUP,DUPLICATE_RECORD,exact duplicate of an earlier row,"{""transaction_id"": ""T0408"", ""account_id"": ""A0144"", ""product_id"": ""P957"", ""branch_id"": ""B068"", ""date"": ""2026-04-13"", ""timestamp"": ""2026-04-13 11:30:00"", ""amount"": ""185654"", ""payment_method"": ""Cash"", ""status"": ""Pending"", ""currency"": ""INR"", ""remarks"": ""ATM Withdrawal"", ""is_refund"": ""False""}"
transactions,day1-baseline,transactions.csv,879,TX-DUP,DUPLICATE_RECORD,exact duplicate of an earlier row,"{""transaction_id"": ""T0822"", ""account_id"": ""A5226"", ""product_id"": ""P967"", ""branch_id"": ""B069"", ""date"": ""10-11-2025"", ""timestamp"": ""2025-10-01 15:13:00"", ""amount"": ""105997"", ""payment_method"": ""Card"", ""status"": ""Success"", ""currency"": ""INR"", ""remarks"": """", ""is_refund"": ""0""}"
transactions,day1-baseline,transactions.csv,906,TX-DUP,DUPLICATE_RECORD,exact duplicate of an earlier row,"{""transaction_id"": ""T0036"", ""account_id"": ""A0059"", ""product_id"": ""P039"", ""branch_id"": ""B040"", ""date"": ""2025-11-17"", ""timestamp"": ""2025-11-18 03:00:00"", ""amount"": ""163801"", ""payment_method"": ""UPI"", ""status"": ""Success"", ""currency"": ""INR"", ""remarks"": ""EMI Payment"", ""is_refund"": ""False""}"
transactions,day1-baseline,transactions.csv,908,TX-DUP,DUPLICATE_RECORD,exact duplicate of an earlier row,"{""transaction_id"": ""T0519"", ""account_id"": ""A7249"", ""product_id"": ""P066"", ""branch_id"": ""B286"", ""date"": ""11/04/2025"", ""timestamp"": ""2025-09-25 05:41:00"", ""amount"": ""149663"", ""payment_method"": ""Card"", ""status"": ""Failed"", ""currency"": ""INR"", ""remarks"": ""Bill Payment"", ""is_refund"": ""N""}"
transactions,day1-baseline,transactions.csv,37,TX-CONFLICT,CONFLICTING_DUPLICATE,same business key with different non-null values,"{""transaction_id"": ""T0295"", ""account_id"": ""A0040"", ""product_id"": ""P075"", ""branch_id"": ""B287"", ""date"": ""2025-10-29"", ""timestamp"": ""2025-10-29 18:57:00"", ""amount"": ""36602"", ""payment_method"": ""Cash"", ""status"": ""Pending"", ""currency"": ""INR"", ""remarks"": ""Bill Payment"", ""is_refund"": """"}"
transactions,day1-baseline,transactions.csv,67,TX-CONFLICT,CONFLICTING_DUPLICATE,same business key with different non-null values,"{""transaction_id"": ""T0646"", ""account_id"": ""A0160"", ""product_id"": ""P056"", ""branch_id"": ""B982"", ""date"": ""2026-01-06"", ""timestamp"": ""2025-08-14 22:05:00"", ""amount"": ""119367"", ""payment_method"": ""UPI"", ""status"": ""Pending"", ""currency"": ""INR"", ""remarks"": ""EMI Payment"", ""is_refund"": ""0""}"
transactions,day1-baseline,transactions.csv,88,TX-CONFLICT,CONFLICTING_DUPLICATE,same business key with different non-null values,"{""transaction_id"": ""T0516"", ""account_id"": ""A0027"", ""product_id"": ""P016"", ""branch_id"": ""B033"", ""date"": ""22/08/2026"", ""timestamp"": ""2026-08-22 04:17:00"", ""amount"": ""89613"", ""payment_method"": ""UPI"", ""status"": ""Success"", ""currency"": ""INR"", ""remarks"": ""Fund Transfer"", ""is_refund"": """"}"
transactions,day1-baseline,transactions.csv,136,TX-CONFLICT,CONFLICTING_DUPLICATE,same business key with different non-null values,"{""transaction_id"": ""T0087"", ""account_id"": ""A0097"", ""product_id"": ""P042"", ""branch_id"": ""B039"", ""date"": ""2025-11-07"", ""timestamp"": ""2025-12-02 21:00:00"", ""amount"": ""25797"", ""payment_method"": ""UPI"", ""status"": ""SUCCESS"", ""currency"": ""INR"", ""remarks"": ""Salary Credit"", ""is_refund"": ""0""}"
transactions,day1-baseline,transactions.csv,145,TX-CONFLICT,CONFLICTING_DUPLICATE,same business key with different non-null values,"{""transaction_id"": ""T0305"", ""account_id"": ""A0123"", ""product_id"": ""P055"", ""branch_id"": ""B048"", ""date"": ""2025-07-26"", ""timestamp"": ""2026-06-01 01:11:00"", ""amount"": ""108404"", ""payment_method"": ""UPI"", ""status"": ""Failed"", ""currency"": ""INR"", ""remarks"": ""EMI Payment"", ""is_refund"": ""N""}"
transactions,day1-baseline,transactions.csv,162,TX-CONFLICT,CONFLICTING_DUPLICATE,same business key with different non-null values,"{""transaction_id"": ""T0321"", ""account_id"": ""A0163"", ""product_id"": ""P095"", ""branch_id"": ""B183"", ""date"": ""2026-01-27"", ""timestamp"": ""2026-01-27 14:27:00"", ""amount"": ""105011"", ""payment_method"": ""Cash"", ""status"": ""Pending"", ""currency"": ""INR"", ""remarks"": ""Salary Credit"", ""is_refund"": ""False""}"
transactions,day1-baseline,transactions.csv,187,TX-CONFLICT,CONFLICTING_DUPLICATE,same business key with different non-null values,"{""transaction_id"": ""T0646"", ""account_id"": ""A0160"", ""product_id"": ""P056"", ""branch_id"": ""B982"", ""date"": ""2026-01-06"", ""timestamp"": ""2025-08-14 22:05:00"", ""amount"": ""185070"", ""payment_method"": ""UPI"", ""status"": ""Failed"", ""currency"": ""INR"", ""remarks"": ""EMI Payment"", ""is_refund"": ""0""}"
transactions,day1-baseline,transactions.csv,190,TX-CONFLICT,CONFLICTING_DUPLICATE,same business key with different non-null values,"{""transaction_id"": ""T0816"", ""account_id"": ""A0004"", ""product_id"": ""P055"", ""branch_id"": ""B937"", ""date"": ""2026-02-08"", ""timestamp"": ""2026-02-08 11:49:00"", ""amount"": ""114356"", ""payment_method"": ""Cash"", ""status"": ""Pending"", ""currency"": ""INR"", ""remarks"": ""EMI Payment"", ""is_refund"": ""0""}"
transactions,day1-baseline,transactions.csv,204,TX-CONFLICT,CONFLICTING_DUPLICATE,same business key with different non-null values,"{""transaction_id"": ""T0174"", ""account_id"": ""A9256"", ""product_id"": ""P004"", ""branch_id"": ""B051"", ""date"": ""2025-12-15"", ""timestamp"": ""2025-12-15 14:31:00"", ""amount"": ""35175"", ""payment_method"": ""Cheque"", ""status"": ""Pending"", ""currency"": ""INR"", ""remarks"": ""Bill Payment"", ""is_refund"": ""True""}"
transactions,day1-baseline,transactions.csv,222,TX-CONFLICT,CONFLICTING_DUPLICATE,same business key with different non-null values,"{""transaction_id"": ""T0295"", ""account_id"": ""A0040"", ""product_id"": ""P075"", ""branch_id"": ""B287"", ""date"": ""2025-10-29"", ""timestamp"": ""2025-10-29 18:57:00"", ""amount"": ""160408"", ""payment_method"": ""Cash"", ""status"": ""Pending"", ""currency"": ""INR"", ""remarks"": ""Bill Payment"", ""is_refund"": """"}"
transactions,day1-baseline,transactions.csv,235,TX-CONFLICT,CONFLICTING_DUPLICATE,same business key with different non-null values,"{""transaction_id"": ""T0321"", ""account_id"": ""A0163"", ""product_id"": ""P095"", ""branch_id"": ""B183"", ""date"": ""2026-01-27"", ""timestamp"": ""2026-01-27 14:27:00"", ""amount"": ""191321"", ""payment_method"": ""Cash"", ""status"": ""Success"", ""currency"": ""INR"", ""remarks"": ""Salary Credit"", ""is_refund"": ""False""}"
transactions,day1-baseline,transactions.csv,239,TX-CONFLICT,CONFLICTING_DUPLICATE,same business key with different non-null values,"{""transaction_id"": ""T0087"", ""account_id"": ""A0097"", ""product_id"": ""P042"", ""branch_id"": ""B039"", ""date"": ""2025-11-07"", ""timestamp"": ""2025-12-02 21:00:00"", ""amount"": ""149705"", ""payment_method"": ""UPI"", ""status"": ""Success"", ""currency"": ""INR"", ""remarks"": ""Salary Credit"", ""is_refund"": ""0""}"
transactions,day1-baseline,transactions.csv,261,TX-CONFLICT,CONFLICTING_DUPLICATE,same business key with different non-null values,"{""transaction_id"": ""T0039"", ""account_id"": ""A0075"", ""product_id"": ""P072"", ""branch_id"": ""B495"", ""date"": ""2026-03-03"", ""timestamp"": ""2026-03-03 05:18:00"", ""amount"": ""91887"", ""payment_method"": ""UPI"", ""status"": ""Success"", ""currency"": ""INR"", ""remarks"": ""Online Purchase"", ""is_refund"": ""0""}"
transactions,day1-baseline,transactions.csv,269,TX-CONFLICT,CONFLICTING_DUPLICATE,same business key with different non-null values,"{""transaction_id"": ""T0516"", ""account_id"": ""A0027"", ""product_id"": ""P016"", ""branch_id"": ""B033"", ""date"": ""22/08/2026"", ""timestamp"": ""2026-08-22 04:17:00"", ""amount"": ""177551"", ""payment_method"": ""UPI"", ""status"": ""Failed"", ""currency"": ""INR"", ""remarks"": ""Fund Transfer"", ""is_refund"": """"}"
transactions,day1-baseline,transactions.csv,303,TX-CONFLICT,CONFLICTING_DUPLICATE,same business key with different non-null values,"{""transaction_id"": ""T0305"", ""account_id"": ""A0123"", ""product_id"": ""P055"", ""branch_id"": ""B048"", ""date"": ""2025-07-26"", ""timestamp"": ""2026-06-01 01:11:00"", ""amount"": ""179922"", ""payment_method"": ""UPI"", ""status"": ""Success"", ""currency"": ""INR"", ""remarks"": ""EMI Payment"", ""is_refund"": ""N""}"
transactions,day1-baseline,transactions.csv,307,TX-CONFLICT,CONFLICTING_DUPLICATE,same business key with different non-null values,"{""transaction_id"": ""T0811"", ""account_id"": ""A0115"", ""product_id"": ""P066"", ""branch_id"": ""B047"", ""date"": ""12/02/2026"", ""timestamp"": ""2026-02-12 11:04:00"", ""amount"": ""115038"", ""payment_method"": ""Card"", ""status"": ""Succes"", ""currency"": ""INR"", ""remarks"": ""EMI Payment"", ""is_refund"": ""0""}"
transactions,day1-baseline,transactions.csv,313,TX-CONFLICT,CONFLICTING_DUPLICATE,same business key with different non-null values,"{""transaction_id"": ""T0174"", ""account_id"": ""A9256"", ""product_id"": ""P004"", ""branch_id"": ""B051"", ""date"": ""2025-12-15"", ""timestamp"": ""2025-12-15 14:31:00"", ""amount"": ""121,441"", ""payment_method"": ""Cheque"", ""status"": ""Success"", ""currency"": ""INR"", ""remarks"": ""Bill Payment"", ""is_refund"": ""True""}"
transactions,day1-baseline,transactions.csv,359,TX-CONFLICT,CONFLICTING_DUPLICATE,same business key with different non-null values,"{""transaction_id"": ""T0816"", ""account_id"": ""A0004"", ""product_id"": ""P055"", ""branch_id"": ""B937"", ""date"": ""2026-02-08"", ""timestamp"": ""2026-02-08 11:49:00"", ""amount"": ""73948"", ""payment_method"": ""Cash"", ""status"": ""Success"", ""currency"": ""INR"", ""remarks"": ""EMI Payment"", ""is_refund"": ""0""}"
transactions,day1-baseline,transactions.csv,431,TX-CONFLICT,CONFLICTING_DUPLICATE,same business key with different non-null values,"{""transaction_id"": ""T0485"", ""account_id"": ""A0125"", ""product_id"": ""P094"", ""branch_id"": ""B026"", ""date"": ""2025-08-03"", ""timestamp"": ""2025-08-03 00:24:00"", ""amount"": ""150356"", ""payment_method"": ""Cash"", ""status"": ""Pending"", ""currency"": ""INR"", ""remarks"": ""EMI Payment"", ""is_refund"": ""False""}"
transactions,day1-baseline,transactions.csv,442,TX-CONFLICT,CONFLICTING_DUPLICATE,same business key with different non-null values,"{""transaction_id"": ""T0746"", ""account_id"": ""A0101"", ""product_id"": ""P075"", ""branch_id"": ""B288"", ""date"": ""2025-10-30"", ""timestamp"": ""2025-10-30 23:30:00"", ""amount"": ""113143"", ""payment_method"": ""Card"", ""status"": ""Success"", ""currency"": ""INR"", ""remarks"": ""Bill Payment"", ""is_refund"": ""0""}"
transactions,day1-baseline,transactions.csv,445,TX-CONFLICT,CONFLICTING_DUPLICATE,same business key with different non-null values,"{""transaction_id"": ""T0485"", ""account_id"": ""A0125"", ""product_id"": ""P094"", ""branch_id"": ""B026"", ""date"": ""2025-08-03"", ""timestamp"": ""2025-08-03 00:24:00"", ""amount"": ""133762"", ""payment_method"": ""Cash"", ""status"": ""Failed"", ""currency"": ""INR"", ""remarks"": ""EMI Payment"", ""is_refund"": ""False""}"
transactions,day1-baseline,transactions.csv,502,TX-CONFLICT,CONFLICTING_DUPLICATE,same business key with different non-null values,"{""transaction_id"": ""T0746"", ""account_id"": ""A0101"", ""product_id"": ""P075"", ""branch_id"": ""B288"", ""date"": ""2025-10-30"", ""timestamp"": ""2025-10-30 23:30:00"", ""amount"": ""69158"", ""payment_method"": ""Card"", ""status"": ""pending"", ""currency"": ""INR"", ""remarks"": ""Bill Payment"", ""is_refund"": ""0""}"
transactions,day1-baseline,transactions.csv,561,TX-CONFLICT,CONFLICTING_DUPLICATE,same business key with different non-null values,"{""transaction_id"": ""T0656"", ""account_id"": ""A0161"", ""product_id"": ""P008"", ""branch_id"": ""B059"", ""date"": ""2026-08-20"", ""timestamp"": ""2026-08-20 18:33:00"", ""amount"": ""106625"", ""payment_method"": ""UPI"", ""status"": ""Success"", ""currency"": ""INR"", ""remarks"": ""Fund Transfer"", ""is_refund"": ""0""}"
transactions,day1-baseline,transactions.csv,586,TX-CONFLICT,CONFLICTING_DUPLICATE,same business key with different non-null values,"{""transaction_id"": ""T0656"", ""account_id"": ""A0161"", ""product_id"": ""P008"", ""branch_id"": ""B059"", ""date"": ""2026-08-20"", ""timestamp"": ""2026-08-20 18:33:00"", ""amount"": ""123268"", ""payment_method"": ""UPI"", ""status"": ""Pending"", ""currency"": ""INR"", ""remarks"": ""Fund Transfer"", ""is_refund"": ""0""}"
transactions,day1-baseline,transactions.csv,634,TX-CONFLICT,CONFLICTING_DUPLICATE,same business key with different non-null values,"{""transaction_id"": ""T0139"", ""account_id"": ""A0032"", ""product_id"": ""P078"", ""branch_id"": ""B073"", ""date"": ""2026-01-30"", ""timestamp"": ""2026-01-30 09:36:00"", ""amount"": ""119087"", ""payment_method"": ""Card"", ""status"": ""Pending"", ""currency"": ""INR"", ""remarks"": ""ATM Withdrawal"", ""is_refund"": ""0""}"
transactions,day1-baseline,transactions.csv,735,TX-CONFLICT,CONFLICTING_DUPLICATE,same business key with different non-null values,"{""transaction_id"": ""T0312"", ""account_id"": ""A0045"", ""product_id"": ""P058"", ""branch_id"": ""B024"", ""date"": ""2026-08-27"", ""timestamp"": ""2026-08-27 18:38:00"", ""amount"": ""96660"", ""payment_method"": ""NetBanking"", ""status"": ""Failed"", ""currency"": ""INR"", ""remarks"": ""Online Purchase"", ""is_refund"": ""0""}"
transactions,day1-baseline,transactions.csv,756,TX-CONFLICT,CONFLICTING_DUPLICATE,same business key with different non-null values,"{""transaction_id"": ""T0811"", ""account_id"": ""A0115"", ""product_id"": ""P066"", ""branch_id"": ""B047"", ""date"": ""12/02/2026"", ""timestamp"": ""2026-02-12 11:04:00"", ""amount"": ""94040"", ""payment_method"": ""Card"", ""status"": ""Failed"", ""currency"": ""INR"", ""remarks"": ""EMI Payment"", ""is_refund"": ""0""}"
transactions,day1-baseline,transactions.csv,774,TX-CONFLICT,CONFLICTING_DUPLICATE,same business key with different non-null values,"{""transaction_id"": ""T0639"", ""account_id"": ""A0069"", ""product_id"": ""P065"", ""branch_id"": ""B046"", ""date"": ""2026-01-01"", ""timestamp"": ""2026-02-04 01:52:00"", ""amount"": ""139891"", ""payment_method"": ""Card"", ""status"": ""Failed"", ""currency"": ""INR"", ""remarks"": ""Fund Transfer"", ""is_refund"": ""False""}"
transactions,day1-baseline,transactions.csv,839,TX-CONFLICT,CONFLICTING_DUPLICATE,same business key with different non-null values,"{""transaction_id"": ""T0312"", ""account_id"": ""A0045"", ""product_id"": ""P058"", ""branch_id"": ""B024"", ""date"": ""2026-08-27"", ""timestamp"": ""2026-08-27 18:38:00"", ""amount"": ""162145"", ""payment_method"": ""NetBanking"", ""status"": ""Failed"", ""currency"": ""INR"", ""remarks"": ""Online Purchase"", ""is_refund"": ""0""}"
transactions,day1-baseline,transactions.csv,847,TX-CONFLICT,CONFLICTING_DUPLICATE,same business key with different non-null values,"{""transaction_id"": ""T0639"", ""account_id"": ""A0069"", ""product_id"": ""P065"", ""branch_id"": ""B046"", ""date"": ""2026-01-01"", ""timestamp"": ""2026-02-04 01:52:00"", ""amount"": ""71344"", ""payment_method"": ""Card"", ""status"": ""Success"", ""currency"": ""INR"", ""remarks"": ""Fund Transfer"", ""is_refund"": ""False""}"
transactions,day1-baseline,transactions.csv,864,TX-CONFLICT,CONFLICTING_DUPLICATE,same business key with different non-null values,"{""transaction_id"": ""T0139"", ""account_id"": ""A0032"", ""product_id"": ""P078"", ""branch_id"": ""B073"", ""date"": ""2026-01-30"", ""timestamp"": ""2026-01-30 09:36:00"", ""amount"": ""44279"", ""payment_method"": ""Card"", ""status"": ""Pending"", ""currency"": ""INR"", ""remarks"": ""ATM Withdrawal"", ""is_refund"": ""0""}"
transactions,day1-baseline,transactions.csv,902,TX-CONFLICT,CONFLICTING_DUPLICATE,same business key with different non-null values,"{""transaction_id"": ""T0039"", ""account_id"": ""A0075"", ""product_id"": ""P072"", ""branch_id"": ""B495"", ""date"": ""2026-03-03"", ""timestamp"": ""2026-03-03 05:18:00"", ""amount"": ""64754"", ""payment_method"": ""UPI"", ""status"": ""Failed"", ""currency"": ""INR"", ""remarks"": ""Online Purchase"", ""is_refund"": ""0""}"
transactions,day1-baseline,transactions.csv,8,TX-RI-ACCT,MISSING_DIM,account_id not found in dim_customer,"{""transaction_id"": ""T0159"", ""account_id"": ""A9366"", ""product_id"": ""P076"", ""branch_id"": ""B914"", ""date"": ""2026-02-11"", ""timestamp"": ""2026-04-26 11:02:00"", ""amount"": ""8281"", ""payment_method"": ""Card"", ""status"": ""Success"", ""currency"": ""INR"", ""remarks"": ""Bill Payment"", ""is_refund"": ""False""}"
transactions,day1-baseline,transactions.csv,11,TX-RI-ACCT,MISSING_DIM,account_id not found in dim_customer,"{""transaction_id"": ""T0670"", ""account_id"": ""A4215"", ""product_id"": ""P004"", ""branch_id"": ""B064"", ""date"": ""2025/07/04"", ""timestamp"": ""2026-06-13 10:59:00"", ""amount"": ""120178"", ""payment_method"": ""Card"", ""status"": ""Faild"", ""currency"": ""INR"", ""remarks"": ""EMI Payment"", ""is_refund"": ""0""}"
transactions,day1-baseline,transactions.csv,38,TX-RI-ACCT,MISSING_DIM,account_id not found in dim_customer,"{""transaction_id"": ""T0203"", ""account_id"": ""A9586"", ""product_id"": ""P061"", ""branch_id"": ""B030"", ""date"": ""2026-06-21"", ""timestamp"": ""2026-06-21 18:11:00"", ""amount"": ""101152"", ""payment_method"": ""cash"", ""status"": ""Failed"", ""currency"": ""INR"", ""remarks"": ""Bill Payment"", ""is_refund"": ""False""}"
transactions,day1-baseline,transactions.csv,49,TX-RI-ACCT,MISSING_DIM,account_id not found in dim_customer,"{""transaction_id"": ""T0127"", ""account_id"": ""A4215"", ""product_id"": ""P052"", ""branch_id"": ""B019"", ""date"": ""2025-08-21"", ""timestamp"": ""2025-08-21 15:19:00"", ""amount"": ""62030"", ""payment_method"": ""Card"", ""status"": ""Failed"", ""currency"": ""INR"", ""remarks"": ""Online Purchase"", ""is_refund"": ""True""}"
transactions,day1-baseline,transactions.csv,53,TX-RI-ACCT,MISSING_DIM,account_id not found in dim_customer,"{""transaction_id"": ""T0359"", ""account_id"": ""A4212"", ""product_id"": ""P025"", ""branch_id"": ""B184"", ""date"": ""2026-05-21"", ""timestamp"": ""2026-05-21 10:32:00"", ""amount"": ""140911"", ""payment_method"": ""NetBanking"", ""status"": ""Success"", ""currency"": ""INR"", ""remarks"": """", ""is_refund"": ""True""}"
transactions,day1-baseline,transactions.csv,81,TX-RI-ACCT,MISSING_DIM,account_id not found in dim_customer,"{""transaction_id"": ""T0412"", ""account_id"": ""A9541"", ""product_id"": ""P021"", ""branch_id"": ""B941"", ""date"": ""2025-07-15"", ""timestamp"": ""2025-07-15 18:36:00"", ""amount"": ""98761"", ""payment_method"": ""Card"", ""status"": ""Success"", ""currency"": ""INR"", ""remarks"": ""Salary Credit"", ""is_refund"": """"}"
transactions,day1-baseline,transactions.csv,123,TX-RI-ACCT,MISSING_DIM,account_id not found in dim_customer,"{""transaction_id"": ""T0643"", ""account_id"": ""A4214"", ""product_id"": ""P908"", ""branch_id"": ""B494"", ""date"": ""2026-06-20"", ""timestamp"": ""2026-06-20 14:27:00"", ""amount"": ""99958"", ""payment_method"": ""NetBanking"", ""status"": ""Success"", ""currency"": ""INR"", ""remarks"": ""EMI Payment"", ""is_refund"": ""False""}"
transactions,day1-baseline,transactions.csv,125,TX-RI-ACCT,MISSING_DIM,account_id not found in dim_customer,"{""transaction_id"": ""T0354"", ""account_id"": ""A9973"", ""product_id"": ""P010"", ""branch_id"": ""B390"", ""date"": ""2026/07/16"", ""timestamp"": ""2026-07-16 13:07:00"", ""amount"": ""50738"", ""payment_method"": ""Cash"", ""status"": ""Pending"", ""currency"": ""INR"", ""remarks"": ""EMI Payment"", ""is_refund"": ""False""}"
transactions,day1-baseline,transactions.csv,130,TX-RI-ACCT,MISSING_DIM,account_id not found in dim_customer,"{""transaction_id"": ""T0681"", ""account_id"": ""A9988"", ""product_id"": ""P003"", ""branch_id"": ""B598"", ""date"": ""2026-06-16"", ""timestamp"": ""2026-06-16 06:45:00"", ""amount"": ""59408"", ""payment_method"": ""Card"", ""status"": ""Success"", ""currency"": ""INR"", ""remarks"": """", ""is_refund"": ""False""}"
transactions,day1-baseline,transactions.csv,171,TX-RI-ACCT,MISSING_DIM,account_id not found in dim_customer,"{""transaction_id"": ""T0096"", ""account_id"": ""A9912"", ""product_id"": ""P017"", ""branch_id"": ""B055"", ""date"": ""2026-02-05"", ""timestamp"": ""2026-02-05 11:26:00"", ""amount"": ""92,583"", ""payment_method"": ""netbanking"", ""status"": ""sucess"", ""currency"": ""INR"", ""remarks"": ""Salary Credit"", ""is_refund"": ""False""}"
transactions,day1-baseline,transactions.csv,173,TX-RI-ACCT,MISSING_DIM,account_id not found in dim_customer,"{""transaction_id"": ""T0619"", ""account_id"": ""A4215"", ""product_id"": ""P017"", ""branch_id"": ""B039"", ""date"": ""09-04-2026"", ""timestamp"": ""2026-04-09 05:31:00"", ""amount"": ""74979"", ""payment_method"": ""Cash"", ""status"": ""Pending"", ""currency"": ""INR"", ""remarks"": ""Fund Transfer"", ""is_refund"": ""N""}"
transactions,day1-baseline,transactions.csv,205,TX-RI-ACCT,MISSING_DIM,account_id not found in dim_customer,"{""transaction_id"": ""T0094"", ""account_id"": ""A9782"", ""product_id"": ""P083"", ""branch_id"": ""B955"", ""date"": ""2025-08-30"", ""timestamp"": ""2025-08-30 10:54:00"", ""amount"": ""99154"", ""payment_method"": ""Card"", ""status"": ""Success"", ""currency"": ""INR"", ""remarks"": """", ""is_refund"": ""False""}"
transactions,day1-baseline,transactions.csv,228,TX-RI-ACCT,MISSING_DIM,account_id not found in dim_customer,"{""transaction_id"": ""T0842"", ""account_id"": ""A9940"", ""product_id"": ""P010"", ""branch_id"": ""B183"", ""date"": ""2026-09-03"", ""timestamp"": ""2026-04-24 11:27:00"", ""amount"": ""51409"", ""payment_method"": ""Cash"", ""status"": ""Succes"", ""currency"": ""INR"", ""remarks"": """", ""is_refund"": ""N""}"
transactions,day1-baseline,transactions.csv,247,TX-RI-ACCT,MISSING_DIM,account_id not found in dim_customer,"{""transaction_id"": ""T0847"", ""account_id"": ""A4215"", ""product_id"": ""P608"", ""branch_id"": ""B044"", ""date"": ""2025-10-02"", ""timestamp"": ""2025-09-25 09:35:00"", ""amount"": ""57960"", ""payment_method"": ""UPI"", ""status"": ""Pending"", ""currency"": ""INR"", ""remarks"": ""Online Purchase"", ""is_refund"": ""0""}"
transactions,day1-baseline,transactions.csv,267,TX-RI-ACCT,MISSING_DIM,account_id not found in dim_customer,"{""transaction_id"": ""T0531"", ""account_id"": ""A9281"", ""product_id"": ""P057"", ""branch_id"": ""B075"", ""date"": ""2025-10-28"", ""timestamp"": ""2025-10-28 23:11:00"", ""amount"": ""51842"", ""payment_method"": ""Card"", ""status"": ""FAILED"", ""currency"": ""INR"", ""remarks"": ""Fund Transfer"", ""is_refund"": """"}"
transactions,day1-baseline,transactions.csv,271,TX-RI-ACCT,MISSING_DIM,account_id not found in dim_customer,"{""transaction_id"": ""T0496"", ""account_id"": ""A9744"", ""product_id"": ""P079"", ""branch_id"": ""B601"", ""date"": ""2026-02-25"", ""timestamp"": ""2026-02-25 05:59:00"", ""amount"": ""176821"", ""payment_method"": ""UPI"", ""status"": ""Pending"", ""currency"": ""INR"", ""remarks"": """", ""is_refund"": ""N""}"
transactions,day1-baseline,transactions.csv,273,TX-RI-ACCT,MISSING_DIM,account_id not found in dim_customer,"{""transaction_id"": ""T0027"", ""account_id"": ""A9903"", ""product_id"": ""P504"", ""branch_id"": ""B077"", ""date"": ""2026-04-12"", ""timestamp"": ""2026-04-12 06:03:00"", ""amount"": ""48954"", ""payment_method"": ""UPI"", ""status"": ""Success"", ""currency"": ""INR"", ""remarks"": ""ATM Withdrawal"", ""is_refund"": ""False""}"
transactions,day1-baseline,transactions.csv,322,TX-RI-ACCT,MISSING_DIM,account_id not found in dim_customer,"{""transaction_id"": ""T0671"", ""account_id"": ""A4216"", ""product_id"": ""P068"", ""branch_id"": ""B289"", ""date"": ""2026-08-16"", ""timestamp"": ""2026-08-16 00:56:00"", ""amount"": ""182484"", ""payment_method"": ""NetBanking"", ""status"": ""Failed"", ""currency"": ""INR"", ""remarks"": ""Online Purchase"", ""is_refund"": ""Y""}"
transactions,day1-baseline,transactions.csv,329,TX-RI-ACCT,MISSING_DIM,account_id not found in dim_customer,"{""transaction_id"": ""T0830"", ""account_id"": ""A9265"", ""product_id"": ""P608"", ""branch_id"": ""B050"", ""date"": ""2026-04-26"", ""timestamp"": ""2025-09-19 11:12:00"", ""amount"": ""65319"", ""payment_method"": ""UPI"", ""status"": ""Pending"", ""currency"": ""USD"", ""remarks"": ""Bill Payment"", ""is_refund"": ""False""}"
transactions,day1-baseline,transactions.csv,351,TX-RI-ACCT,MISSING_DIM,account_id not found in dim_customer,"{""transaction_id"": ""T0620"", ""account_id"": ""A4211"", ""product_id"": ""P004"", ""branch_id"": ""B036"", ""date"": ""2026/02/01"", ""timestamp"": ""2026-02-01 09:53:00"", ""amount"": ""160361"", ""payment_method"": ""UPI"", ""status"": ""Pending"", ""currency"": ""INR"", ""remarks"": ""Bill Payment"", ""is_refund"": ""False""}"
transactions,day1-baseline,transactions.csv,386,TX-RI-ACCT,MISSING_DIM,account_id not found in dim_customer,"{""transaction_id"": ""T0481"", ""account_id"": ""A9676"", ""product_id"": ""P943"", ""branch_id"": ""B390"", ""date"": ""16/05/2026"", ""timestamp"": ""2026-05-16 09:27:00"", ""amount"": ""63592"", ""payment_method"": ""Card"", ""status"": ""Failed"", ""currency"": ""INR"", ""remarks"": ""ATM Withdrawal"", ""is_refund"": ""N""}"
transactions,day1-baseline,transactions.csv,402,TX-RI-ACCT,MISSING_DIM,account_id not found in dim_customer,"{""transaction_id"": ""T0705"", ""account_id"": ""A9357"", ""product_id"": ""P089"", ""branch_id"": ""B074"", ""date"": ""2025-11-22"", ""timestamp"": ""2025-11-22 14:51:00"", ""amount"": ""74973"", ""payment_method"": ""NetBanking"", ""status"": ""Failed"", ""currency"": ""INR"", ""remarks"": ""Online Purchase"", ""is_refund"": ""N""}"
transactions,day1-baseline,transactions.csv,418,TX-RI-ACCT,MISSING_DIM,account_id not found in dim_customer,"{""transaction_id"": ""T0253"", ""account_id"": ""A4213"", ""product_id"": ""P018"", ""branch_id"": ""B044"", ""date"": ""2026/02/13"", ""timestamp"": ""2026-02-13 01:42:00"", ""amount"": ""76496"", ""payment_method"": ""NetBanking"", ""status"": ""Pending"", ""currency"": ""INR"", ""remarks"": ""Online Purchase"", ""is_refund"": """"}"
transactions,day1-baseline,transactions.csv,421,TX-RI-ACCT,MISSING_DIM,account_id not found in dim_customer,"{""transaction_id"": ""T0710"", ""account_id"": ""A9777"", ""product_id"": ""P066"", ""branch_id"": ""B183"", ""date"": ""14-04-2026"", ""timestamp"": ""2025-10-23 01:37:00"", ""amount"": ""86532"", ""payment_method"": ""UPI"", ""status"": ""SUCCESS"", ""currency"": ""INR"", ""remarks"": """", ""is_refund"": ""True""}"
transactions,day1-baseline,transactions.csv,490,TX-RI-ACCT,MISSING_DIM,account_id not found in dim_customer,"{""transaction_id"": ""T0335"", ""account_id"": ""A9374"", ""product_id"": ""P065"", ""branch_id"": ""B046"", ""date"": ""2025-12-25"", ""timestamp"": ""2025-12-25 06:39:00"", ""amount"": ""147246"", ""payment_method"": ""Cash"", ""status"": ""Pending"", ""currency"": ""INR"", ""remarks"": ""EMI Payment"", ""is_refund"": ""Y""}"
transactions,day1-baseline,transactions.csv,495,TX-RI-ACCT,MISSING_DIM,account_id not found in dim_customer,"{""transaction_id"": ""T0563"", ""account_id"": ""A4212"", ""product_id"": ""P085"", ""branch_id"": ""B041"", ""date"": ""07/28/2025"", ""timestamp"": ""2025-07-28 05:55:00"", ""amount"": ""165529"", ""payment_method"": ""Card "", ""status"": ""Pending"", ""currency"": ""INR"", ""remarks"": ""Online Purchase"", ""is_refund"": ""False""}"
transactions,day1-baseline,transactions.csv,496,TX-RI-ACCT,MISSING_DIM,account_id not found in dim_customer,"{""transaction_id"": ""T0121"", ""account_id"": ""A9758"", ""product_id"": ""P054"", ""branch_id"": ""B004"", ""date"": ""10/02/2025"", ""timestamp"": ""2025-10-02 01:05:00"", ""amount"": ""109617"", ""payment_method"": ""UPI"", ""status"": ""Success"", ""currency"": ""INR"", ""remarks"": ""Salary Credit"", ""is_refund"": ""True""}"
transactions,day1-baseline,transactions.csv,511,TX-RI-ACCT,MISSING_DIM,account_id not found in dim_customer,"{""transaction_id"": ""T0186"", ""account_id"": ""A9681"", ""product_id"": ""P063"", ""branch_id"": ""B057"", ""date"": ""2026-02-19"", ""timestamp"": ""2026-02-19 04:16:00"", ""amount"": ""65358"", ""payment_method"": ""netbanking"", ""status"": ""Pending"", ""currency"": ""INR"", ""remarks"": ""Bill Payment"", ""is_refund"": ""0""}"
transactions,day1-baseline,transactions.csv,562,TX-RI-ACCT,MISSING_DIM,account_id not found in dim_customer,"{""transaction_id"": ""T0436"", ""account_id"": ""A9131"", ""product_id"": ""P060"", ""branch_id"": ""B030"", ""date"": ""2025-08-08"", ""timestamp"": ""2025-08-03 04:36:00"", ""amount"": ""62613"", ""payment_method"": ""Cash"", ""status"": ""Failed"", ""currency"": ""INR"", ""remarks"": ""Fund Transfer"", ""is_refund"": """"}"
transactions,day1-baseline,transactions.csv,574,TX-RI-ACCT,MISSING_DIM,account_id not found in dim_customer,"{""transaction_id"": ""T0471"", ""account_id"": ""A4215"", ""product_id"": ""P067"", ""branch_id"": ""B497"", ""date"": ""11/02/2025"", ""timestamp"": ""2025-11-02 04:07:00"", ""amount"": ""6820"", ""payment_method"": ""UPI"", ""status"": ""Failed"", ""currency"": ""INR"", ""remarks"": ""Salary Credit"", ""is_refund"": ""False""}"
transactions,day1-baseline,transactions.csv,588,TX-RI-ACCT,MISSING_DIM,account_id not found in dim_customer,"{""transaction_id"": ""T0712"", ""account_id"": ""A4212"", ""product_id"": ""P506"", ""branch_id"": ""B065"", ""date"": ""2026-07-06"", ""timestamp"": ""2026-07-06 18:03:00"", ""amount"": ""7679"", ""payment_method"": ""netbanking"", ""status"": ""Pending"", ""currency"": ""INR"", ""remarks"": ""Salary Credit"", ""is_refund"": """"}"
transactions,day1-baseline,transactions.csv,591,TX-RI-ACCT,MISSING_DIM,account_id not found in dim_customer,"{""transaction_id"": ""T0892"", ""account_id"": ""A4213"", ""product_id"": ""P901"", ""branch_id"": ""B043"", ""date"": ""2025-11-29"", ""timestamp"": ""2025-11-29 20:09:00"", ""amount"": ""111019"", ""payment_method"": ""UPI"", ""status"": ""Success"", ""currency"": ""INR"", ""remarks"": ""Fund Transfer"", ""is_refund"": ""False""}"
transactions,day1-baseline,transactions.csv,600,TX-RI-ACCT,MISSING_DIM,account_id not found in dim_customer,"{""transaction_id"": ""T0657"", ""account_id"": ""A4215"", ""product_id"": ""P069"", ""branch_id"": ""B071"", ""date"": ""2025-10-12"", ""timestamp"": ""2025-10-12 17:05:00"", ""amount"": ""56393"", ""payment_method"": ""Card "", ""status"": ""Failed"", ""currency"": ""INR"", ""remarks"": ""ATM Withdrawal"", ""is_refund"": ""N""}"
transactions,day1-baseline,transactions.csv,606,TX-RI-ACCT,MISSING_DIM,account_id not found in dim_customer,"{""transaction_id"": ""T0609"", ""account_id"": ""A9203"", ""product_id"": ""P030"", ""branch_id"": ""B016"", ""date"": ""08/02/2026"", ""timestamp"": ""2026-01-23 05:52:00"", ""amount"": ""115706"", ""payment_method"": ""UPI"", ""status"": ""SUCCESS"", ""currency"": ""INR"", ""remarks"": ""Online Purchase"", ""is_refund"": ""0""}"
transactions,day1-baseline,transactions.csv,608,TX-RI-ACCT,MISSING_DIM,account_id not found in dim_customer,"{""transaction_id"": ""T0511"", ""account_id"": ""A4211"", ""product_id"": ""P006"", ""branch_id"": ""B060"", ""date"": ""2026-01-02"", ""timestamp"": ""2025-11-25 09:34:00"", ""amount"": ""181787"", ""payment_method"": ""CASH"", ""status"": ""sucess"", ""currency"": ""INR"", ""remarks"": ""Online Purchase"", ""is_refund"": """"}"
transactions,day1-baseline,transactions.csv,649,TX-RI-ACCT,MISSING_DIM,account_id not found in dim_customer,"{""transaction_id"": ""T0738"", ""account_id"": ""A9076"", ""product_id"": ""P048"", ""branch_id"": ""B182"", ""date"": ""2026-08-10"", ""timestamp"": ""2025-10-24 22:38:00"", ""amount"": ""40438"", ""payment_method"": ""Card"", ""status"": ""Failed"", ""currency"": ""INR"", ""remarks"": ""Online Purchase"", ""is_refund"": ""1""}"
transactions,day1-baseline,transactions.csv,650,TX-RI-ACCT,MISSING_DIM,account_id not found in dim_customer,"{""transaction_id"": ""T0624"", ""account_id"": ""A9197"", ""product_id"": ""P003"", ""branch_id"": ""B184"", ""date"": ""2026-08-08"", ""timestamp"": ""2026-08-08 12:54:00"", ""amount"": ""17062"", ""payment_method"": ""Card "", ""status"": ""Failed"", ""currency"": ""INR"", ""remarks"": ""Salary Credit"", ""is_refund"": ""0""}"
transactions,day1-baseline,transactions.csv,664,TX-RI-ACCT,MISSING_DIM,account_id not found in dim_customer,"{""transaction_id"": ""T0218"", ""account_id"": ""A9159"", ""product_id"": ""P987"", ""branch_id"": ""B286"", ""date"": ""2025-10-30"", ""timestamp"": ""2026-08-29 10:27:00"", ""amount"": ""157022"", ""payment_method"": ""Card"", ""status"": ""Failed"", ""currency"": ""INR"", ""remarks"": """", ""is_refund"": ""N""}"
transactions,day1-baseline,transactions.csv,675,TX-RI-ACCT,MISSING_DIM,account_id not found in dim_customer,"{""transaction_id"": ""T0824"", ""account_id"": ""A9598"", ""product_id"": ""P017"", ""branch_id"": ""B390"", ""date"": ""2025-07-16"", ""timestamp"": ""2025-07-16 23:26:00"", ""amount"": ""149565"", ""payment_method"": ""Cash"", ""status"": ""Faild"", ""currency"": ""EUR"", ""remarks"": ""Online Purchase"", ""is_refund"": ""True""}"
transactions,day1-baseline,transactions.csv,715,TX-RI-ACCT,MISSING_DIM,account_id not found in dim_customer,"{""transaction_id"": ""T0534"", ""account_id"": ""A4212"", ""product_id"": ""P066"", ""branch_id"": ""B184"", ""date"": ""01-09-2026"", ""timestamp"": ""2026-01-24 09:24:00"", ""amount"": ""140864"", ""payment_method"": ""Cash"", ""status"": ""Pending"", ""currency"": ""INR"", ""remarks"": ""Fund Transfer"", ""is_refund"": """"}"
transactions,day1-baseline,transactions.csv,748,TX-RI-ACCT,MISSING_DIM,account_id not found in dim_customer,"{""transaction_id"": ""T0102"", ""account_id"": ""A9808"", ""product_id"": ""P074"", ""branch_id"": ""B022"", ""date"": ""29/09/2025"", ""timestamp"": ""2025-09-29 01:46:00"", ""amount"": ""127860"", ""payment_method"": ""NetBanking"", ""status"": ""Failed"", ""currency"": ""INR"", ""remarks"": """", ""is_refund"": ""N""}"
transactions,day1-baseline,transactions.csv,810,TX-RI-ACCT,MISSING_DIM,account_id not found in dim_customer,"{""transaction_id"": ""T0862"", ""account_id"": ""A4216"", ""product_id"": ""P006"", ""branch_id"": ""B077"", ""date"": ""2026-08-31"", ""timestamp"": ""2026-03-27 10:48:00"", ""amount"": ""8414"", ""payment_method"": ""Card"", ""status"": ""Pending"", ""currency"": ""USD"", ""remarks"": ""Online Purchase"", ""is_refund"": ""N""}"
transactions,day1-baseline,transactions.csv,835,TX-RI-ACCT,MISSING_DIM,account_id not found in dim_customer,"{""transaction_id"": ""T0653"", ""account_id"": ""A4212"", ""product_id"": ""P065"", ""branch_id"": ""B026"", ""date"": ""2026/09/28"", ""timestamp"": ""2026-09-28 08:00:00"", ""amount"": ""15812"", ""payment_method"": ""NetBanking"", ""status"": ""Success"", ""currency"": ""INR"", ""remarks"": ""Salary Credit"", ""is_refund"": """"}"
transactions,day1-baseline,transactions.csv,840,TX-RI-ACCT,MISSING_DIM,account_id not found in dim_customer,"{""transaction_id"": ""T0869"", ""account_id"": ""A9426"", ""product_id"": ""P611"", ""branch_id"": ""B071"", ""date"": ""2026/04/18"", ""timestamp"": ""2026-04-18 05:12:00"", ""amount"": ""90874"", ""payment_method"": ""Card"", ""status"": ""Failed"", ""currency"": ""INR"", ""remarks"": ""Online Purchase"", ""is_refund"": ""0""}"
transactions,day1-baseline,transactions.csv,855,TX-RI-ACCT,MISSING_DIM,account_id not found in dim_customer,"{""transaction_id"": ""T0005"", ""account_id"": ""A9657"", ""product_id"": ""P070"", ""branch_id"": ""B051"", ""date"": ""2026-03-27"", ""timestamp"": ""2026-03-27 18:16:00"", ""amount"": ""13367"", ""payment_method"": ""NetBanking"", ""status"": ""Success"", ""currency"": ""INR"", ""remarks"": ""EMI Payment"", ""is_refund"": ""False""}"
transactions,day1-baseline,transactions.csv,859,TX-RI-ACCT,MISSING_DIM,account_id not found in dim_customer,"{""transaction_id"": ""T0348"", ""account_id"": ""A9613"", ""product_id"": ""P035"", ""branch_id"": ""B053"", ""date"": ""2026-05-27"", ""timestamp"": ""2026-03-13 06:02:00"", ""amount"": ""55873"", ""payment_method"": ""UPI"", ""status"": ""Pending"", ""currency"": ""INR"", ""remarks"": ""Online Purchase"", ""is_refund"": ""False""}"
transactions,day1-baseline,transactions.csv,898,TX-RI-ACCT,MISSING_DIM,account_id not found in dim_customer,"{""transaction_id"": ""T0888"", ""account_id"": ""A4215"", ""product_id"": ""P007"", ""branch_id"": ""B036"", ""date"": ""2026-04-27"", ""timestamp"": ""2026-09-14 06:37:00"", ""amount"": ""11982"", ""payment_method"": ""Card"", ""status"": ""Success"", ""currency"": ""INR"", ""remarks"": ""Fund Transfer"", ""is_refund"": ""N""}"
transactions,day1-baseline,transactions.csv,899,TX-RI-ACCT,MISSING_DIM,account_id not found in dim_customer,"{""transaction_id"": ""T0015"", ""account_id"": ""A9214"", ""product_id"": ""P032"", ""branch_id"": ""B007"", ""date"": ""2026-04-06"", ""timestamp"": ""2026-04-06 08:35:00"", ""amount"": ""127122"", ""payment_method"": ""Cash"", ""status"": ""Success"", ""currency"": ""INR"", ""remarks"": ""Salary Credit"", ""is_refund"": ""False""}"
transactions,day1-baseline,transactions.csv,911,TX-RI-ACCT,MISSING_DIM,account_id not found in dim_customer,"{""transaction_id"": ""T0264"", ""account_id"": ""A4212"", ""product_id"": ""P014"", ""branch_id"": ""B063"", ""date"": ""2026-04-20"", ""timestamp"": ""2026-04-20 13:43:00"", ""amount"": ""114586"", ""payment_method"": ""UPI"", ""status"": ""Success"", ""currency"": ""INR"", ""remarks"": ""Salary Credit"", ""is_refund"": ""False""}"
transactions,day1-baseline,transactions.csv,920,TX-RI-ACCT,MISSING_DIM,account_id not found in dim_customer,"{""transaction_id"": ""T0589"", ""account_id"": ""A4216"", ""product_id"": ""P032"", ""branch_id"": ""B004"", ""date"": ""2025-09-29"", ""timestamp"": ""2025-09-29 11:30:00"", ""amount"": ""122203"", ""payment_method"": ""NetBanking"", ""status"": ""Failed"", ""currency"": ""INR"", ""remarks"": ""Salary Credit"", ""is_refund"": """"}"
transactions,day1-baseline,transactions.csv,2,TX-RI-PROD,MISSING_DIM,product_id not found in dim_product,"{""transaction_id"": ""T0373"", ""account_id"": ""A0096"", ""product_id"": ""P063"", ""branch_id"": ""B069"", ""date"": ""2026-05-23"", ""timestamp"": ""2026-05-23 05:12:00"", ""amount"": ""28998"", ""payment_method"": ""Cash"", ""status"": ""Failed"", ""currency"": ""INR"", ""remarks"": ""EMI Payment"", ""is_refund"": ""False""}"
transactions,day1-baseline,transactions.csv,6,TX-RI-PROD,MISSING_DIM,product_id not found in dim_product,"{""transaction_id"": ""T0881"", ""account_id"": ""A2196"", ""product_id"": ""P965"", ""branch_id"": ""B004"", ""date"": ""2026-01-07"", ""timestamp"": ""2026-01-07 17:35:00"", ""amount"": ""105184"", ""payment_method"": ""Cash"", ""status"": ""Pending"", ""currency"": ""INR"", ""remarks"": ""Bill Payment"", ""is_refund"": ""False""}"
transactions,day1-baseline,transactions.csv,16,TX-RI-PROD,MISSING_DIM,product_id not found in dim_product,"{""transaction_id"": ""T0388"", ""account_id"": ""A0081"", ""product_id"": ""P928"", ""branch_id"": ""B077"", ""date"": ""08/17/2025"", ""timestamp"": ""2025-08-17 02:07:00"", ""amount"": ""125199"", ""payment_method"": ""Cash"", ""status"": ""Pending"", ""currency"": ""INR"", ""remarks"": ""EMI Payment"", ""is_refund"": """"}"
transactions,day1-baseline,transactions.csv,26,TX-RI-PROD,MISSING_DIM,product_id not found in dim_product,"{""transaction_id"": ""T0011"", ""account_id"": ""A0139"", ""product_id"": ""P063"", ""branch_id"": ""B043"", ""date"": ""2026-09-08"", ""timestamp"": ""2026-09-08 00:40:00"", ""amount"": ""166225"", ""payment_method"": ""UPI"", ""status"": ""Success"", ""currency"": ""INR"", ""remarks"": ""Online Purchase"", ""is_refund"": ""False""}"
transactions,day1-baseline,transactions.csv,42,TX-RI-PROD,MISSING_DIM,product_id not found in dim_product,"{""transaction_id"": ""T0854"", ""account_id"": ""A0150"", ""product_id"": ""P965"", ""branch_id"": ""B600"", ""date"": ""2026-02-17"", ""timestamp"": ""2026-02-17 16:27:00"", ""amount"": ""86770"", ""payment_method"": ""NetBanking"", ""status"": ""Failed"", ""currency"": ""INR"", ""remarks"": ""Fund Transfer"", ""is_refund"": ""0""}"
transactions,day1-baseline,transactions.csv,48,TX-RI-PROD,MISSING_DIM,product_id not found in dim_product,"{""transaction_id"": ""T0329"", ""account_id"": ""A1180"", ""product_id"": ""P063"", ""branch_id"": ""B954"", ""date"": ""2026-05-17"", ""timestamp"": ""2026-05-17 15:08:00"", ""amount"": ""143915"", ""payment_method"": ""UPI"", ""status"": ""Failed"", ""currency"": ""USD"", ""remarks"": ""ATM Withdrawal"", ""is_refund"": """"}"
transactions,day1-baseline,transactions.csv,50,TX-RI-PROD,MISSING_DIM,product_id not found in dim_product,"{""transaction_id"": ""T0618"", ""account_id"": ""A0092"", ""product_id"": ""P063"", ""branch_id"": ""B044"", ""date"": ""06/09/2026"", ""timestamp"": ""2026-06-09 16:09:00"", ""amount"": ""121966"", ""payment_method"": ""cash"", ""status"": ""Success"", ""currency"": ""INR"", ""remarks"": """", ""is_refund"": ""0""}"
transactions,day1-baseline,transactions.csv,70,TX-RI-PROD,MISSING_DIM,product_id not found in dim_product,"{""transaction_id"": ""T0188"", ""account_id"": ""A0055"", ""product_id"": ""P908"", ""branch_id"": ""B599"", ""date"": ""2026-08-01"", ""timestamp"": ""2026-08-01 16:26:00"", ""amount"": ""172078"", ""payment_method"": ""upi"", ""status"": ""Success"", ""currency"": ""INR"", ""remarks"": ""ATM Withdrawal"", ""is_refund"": ""False""}"
transactions,day1-baseline,transactions.csv,90,TX-RI-PROD,MISSING_DIM,product_id not found in dim_product,"{""transaction_id"": ""T0235"", ""account_id"": ""A0106"", ""product_id"": ""P902"", ""branch_id"": ""B052"", ""date"": ""02-01-2026"", ""timestamp"": ""2026-01-02 04:58:00"", ""amount"": ""29,376"", ""payment_method"": ""Cheque"", ""status"": ""Pending"", ""currency"": ""INR"", ""remarks"": ""Bill Payment"", ""is_refund"": ""False""}"
transactions,day1-baseline,transactions.csv,91,TX-RI-PROD,MISSING_DIM,product_id not found in dim_product,"{""transaction_id"": ""T0597"", ""account_id"": ""A1175"", ""product_id"": ""P919"", ""branch_id"": ""B287"", ""date"": ""2026-05-26"", ""timestamp"": ""2026-05-26 23:37:00"", ""amount"": ""91791"", ""payment_method"": ""Card"", ""status"": ""SUCCESS"", ""currency"": ""INR"", ""remarks"": ""Online Purchase"", ""is_refund"": """"}"
transactions,day1-baseline,transactions.csv,109,TX-RI-PROD,MISSING_DIM,product_id not found in dim_product,"{""transaction_id"": ""T0812"", ""account_id"": ""A0041"", ""product_id"": ""P925"", ""branch_id"": ""B391"", ""date"": ""2026-01-03"", ""timestamp"": ""2026-08-21 20:33:00"", ""amount"": ""68140"", ""payment_method"": ""Card"", ""status"": ""Pending"", ""currency"": ""INR"", ""remarks"": ""Bill Payment"", ""is_refund"": ""N""}"
transactions,day1-baseline,transactions.csv,126,TX-RI-PROD,MISSING_DIM,product_id not found in dim_product,"{""transaction_id"": ""T0153"", ""account_id"": ""A0103"", ""product_id"": ""P002"", ""branch_id"": ""B068"", ""date"": ""2025-08-25"", ""timestamp"": ""2025-08-25 10:53:00"", ""amount"": ""14769"", ""payment_method"": ""NetBanking"", ""status"": ""Failed"", ""currency"": ""INR"", ""remarks"": ""Bill Payment"", ""is_refund"": ""False""}"
transactions,day1-baseline,transactions.csv,135,TX-RI-PROD,MISSING_DIM,product_id not found in dim_product,"{""transaction_id"": ""T0353"", ""account_id"": ""A0162"", ""product_id"": ""P300"", ""branch_id"": ""B047"", ""date"": ""2026-07-11"", ""timestamp"": ""2026-07-11 18:29:00"", ""amount"": ""Rs.11153"", ""payment_method"": ""Cash"", ""status"": ""Failed"", ""currency"": ""INR"", ""remarks"": ""Fund Transfer"", ""is_refund"": ""False""}"
transactions,day1-baseline,transactions.csv,141,TX-RI-PROD,MISSING_DIM,product_id not found in dim_product,"{""transaction_id"": ""T0452"", ""account_id"": ""A0126"", ""product_id"": ""P982"", ""branch_id"": ""B035"", ""date"": ""2026-09-05"", ""timestamp"": ""2026-09-05 15:02:00"", ""amount"": ""11556"", ""payment_method"": ""UPI"", ""status"": ""Failed"", ""currency"": ""INR"", ""remarks"": """", ""is_refund"": ""Y""}"
transactions,day1-baseline,transactions.csv,149,TX-RI-PROD,MISSING_DIM,product_id not found in dim_product,"{""transaction_id"": ""T0318"", ""account_id"": ""A1175"", ""product_id"": ""P063"", ""branch_id"": ""B025"", ""date"": ""2025-10-04"", ""timestamp"": ""2025-10-04 09:08:00"", ""amount"": ""52554"", ""payment_method"": ""NetBanking"", ""status"": ""Faild"", ""currency"": ""INR"", ""remarks"": ""Bill Payment"", ""is_refund"": ""N""}"
transactions,day1-baseline,transactions.csv,180,TX-RI-PROD,MISSING_DIM,product_id not found in dim_product,"{""transaction_id"": ""T0273"", ""account_id"": ""A5227"", ""product_id"": ""P299"", ""branch_id"": ""B050"", ""date"": ""06/24/2026"", ""timestamp"": ""2026-06-24 12:25:00"", ""amount"": ""27056"", ""payment_method"": ""UPI"", ""status"": ""Failed"", ""currency"": ""INR"", ""remarks"": ""Bill Payment"", ""is_refund"": ""N""}"
transactions,day1-baseline,transactions.csv,181,TX-RI-PROD,MISSING_DIM,product_id not found in dim_product,"{""transaction_id"": ""T0580"", ""account_id"": ""A0058"", ""product_id"": ""P939"", ""branch_id"": ""B004"", ""date"": ""05/18/2026"", ""timestamp"": ""2026-05-18 21:57:00"", ""amount"": ""134799"", ""payment_method"": ""Card"", ""status"": ""Failed"", ""currency"": ""INR"", ""remarks"": """", ""is_refund"": ""False""}"
transactions,day1-baseline,transactions.csv,184,TX-RI-PROD,MISSING_DIM,product_id not found in dim_product,"{""transaction_id"": ""T0085"", ""account_id"": ""A0019"", ""product_id"": ""P089"", ""branch_id"": ""B056"", ""date"": ""2026-06-30"", ""timestamp"": ""2026-06-30 03:26:00"", ""amount"": ""121215"", ""payment_method"": ""UPI"", ""status"": ""Pending"", ""currency"": ""INR"", ""remarks"": """", ""is_refund"": """"}"
transactions,day1-baseline,transactions.csv,195,TX-RI-PROD,MISSING_DIM,product_id not found in dim_product,"{""transaction_id"": ""T0594"", ""account_id"": ""A0148"", ""product_id"": ""P298"", ""branch_id"": ""B023"", ""date"": ""2026/03/12"", ""timestamp"": ""2026-03-12 06:31:00"", ""amount"": ""186076"", ""payment_method"": ""Card"", ""status"": ""Failed"", ""currency"": ""INR"", ""remarks"": """", ""is_refund"": ""0""}"
transactions,day1-baseline,transactions.csv,196,TX-RI-PROD,MISSING_DIM,product_id not found in dim_product,"{""transaction_id"": ""T0343"", ""account_id"": ""A0029"", ""product_id"": ""P989"", ""branch_id"": ""B005"", ""date"": ""23-08-2025"", ""timestamp"": ""2025-08-23 00:10:00"", ""amount"": ""110969"", ""payment_method"": ""NetBanking"", ""status"": ""Success"", ""currency"": ""INR"", ""remarks"": ""Salary Credit"", ""is_refund"": ""False""}"
transactions,day1-baseline,transactions.csv,198,TX-RI-PROD,MISSING_DIM,product_id not found in dim_product,"{""transaction_id"": ""T0038"", ""account_id"": ""A0081"", ""product_id"": ""P002"", ""branch_id"": ""B027"", ""date"": ""25-02-2026"", ""timestamp"": ""2025-12-06 21:41:00"", ""amount"": ""186678"", ""payment_method"": ""UPI"", ""status"": ""Failed"", ""currency"": ""INR"", ""remarks"": """", ""is_refund"": """"}"
transactions,day1-baseline,transactions.csv,214,TX-RI-PROD,MISSING_DIM,product_id not found in dim_product,"{""transaction_id"": ""T0897"", ""account_id"": ""A0130"", ""product_id"": ""P002"", ""branch_id"": ""B012"", ""date"": ""10/04/2025"", ""timestamp"": ""2025-10-04 04:20:00"", ""amount"": ""63433"", ""payment_method"": ""Card"", ""status"": ""Pending"", ""currency"": ""INR"", ""remarks"": ""Fund Transfer"", ""is_refund"": ""False""}"
transactions,day1-baseline,transactions.csv,242,TX-RI-PROD,MISSING_DIM,product_id not found in dim_product,"{""transaction_id"": ""T0818"", ""account_id"": ""A0054"", ""product_id"": ""P298"", ""branch_id"": ""B047"", ""date"": ""2025-12-18"", ""timestamp"": ""2026-07-20 12:43:00"", ""amount"": ""138932"", ""payment_method"": ""Cash"", ""status"": ""Pending"", ""currency"": ""INR"", ""remarks"": ""Fund Transfer"", ""is_refund"": ""True""}"
transactions,day1-baseline,transactions.csv,243,TX-RI-PROD,MISSING_DIM,product_id not found in dim_product,"{""transaction_id"": ""T0709"", ""account_id"": ""A0142"", ""product_id"": ""P063"", ""branch_id"": ""B497"", ""date"": ""2025/12/05"", ""timestamp"": ""2025-12-05 02:50:00"", ""amount"": ""80546"", ""payment_method"": ""UPI"", ""status"": ""Pending"", ""currency"": ""INR"", ""remarks"": ""EMI Payment"", ""is_refund"": ""False""}"
transactions,day1-baseline,transactions.csv,249,TX-RI-PROD,MISSING_DIM,product_id not found in dim_product,"{""transaction_id"": ""T0385"", ""account_id"": ""A7247"", ""product_id"": ""P953"", ""branch_id"": ""B060"", ""date"": ""2026-01-21"", ""timestamp"": ""2026-01-21 03:22:00"", ""amount"": ""94974"", ""payment_method"": ""Cash"", ""status"": ""Pending"", ""currency"": ""INR"", ""remarks"": ""EMI Payment"", ""is_refund"": """"}"
transactions,day1-baseline,transactions.csv,290,TX-RI-PROD,MISSING_DIM,product_id not found in dim_product,"{""transaction_id"": ""T0114"", ""account_id"": ""A1179"", ""product_id"": ""P089"", ""branch_id"": ""B497"", ""date"": ""02/09/2026"", ""timestamp"": ""2026-02-09 10:47:00"", ""amount"": ""129284"", ""payment_method"": ""CASH"", ""status"": ""Pending"", ""currency"": ""INR"", ""remarks"": ""Online Purchase"", ""is_refund"": ""False""}"
transactions,day1-baseline,transactions.csv,292,TX-RI-PROD,MISSING_DIM,product_id not found in dim_product,"{""transaction_id"": ""T0393"", ""account_id"": ""A6235"", ""product_id"": ""P063"", ""branch_id"": ""B048"", ""date"": ""2025-08-12"", ""timestamp"": ""2025-08-12 16:11:00"", ""amount"": ""104717"", ""payment_method"": ""Cash"", ""status"": ""Failed"", ""currency"": ""INR"", ""remarks"": ""ATM Withdrawal"", ""is_refund"": ""False""}"
transactions,day1-baseline,transactions.csv,297,TX-RI-PROD,MISSING_DIM,product_id not found in dim_product,"{""transaction_id"": ""T0543"", ""account_id"": ""A0146"", ""product_id"": ""P298"", ""branch_id"": ""B019"", ""date"": ""2025-11-02"", ""timestamp"": ""2025-11-02 22:08:00"", ""amount"": ""97036"", ""payment_method"": ""UPI"", ""status"": ""Succes"", ""currency"": ""INR"", ""remarks"": ""Fund Transfer"", ""is_refund"": ""0""}"
transactions,day1-baseline,transactions.csv,305,TX-RI-PROD,MISSING_DIM,product_id not found in dim_product,"{""transaction_id"": ""T0788"", ""account_id"": ""A0134"", ""product_id"": ""P966"", ""branch_id"": ""B012"", ""date"": ""2026-01-09"", ""timestamp"": ""2025-11-27 23:45:00"", ""amount"": ""106224"", ""payment_method"": ""Cash"", ""status"": ""Success"", ""currency"": ""INR"", ""remarks"": ""Salary Credit"", ""is_refund"": ""True""}"
transactions,day1-baseline,transactions.csv,320,TX-RI-PROD,MISSING_DIM,product_id not found in dim_product,"{""transaction_id"": ""T0551"", ""account_id"": ""A0020"", ""product_id"": ""P995"", ""branch_id"": ""B076"", ""date"": ""2026-09-12"", ""timestamp"": ""2026-09-12 04:33:00"", ""amount"": ""141036"", ""payment_method"": ""NetBanking"", ""status"": ""Pending"", ""currency"": ""INR"", ""remarks"": ""Bill Payment"", ""is_refund"": ""False""}"
transactions,day1-baseline,transactions.csv,335,TX-RI-PROD,MISSING_DIM,product_id not found in dim_product,"{""transaction_id"": ""T0119"", ""account_id"": ""A4721"", ""product_id"": ""P002"", ""branch_id"": ""B022"", ""date"": ""05-01-2026"", ""timestamp"": ""2026-01-05 13:40:00"", ""amount"": ""112177"", ""payment_method"": ""NetBanking"", ""status"": ""Failed"", ""currency"": ""INR"", ""remarks"": ""Online Purchase"", ""is_refund"": ""N""}"
transactions,day1-baseline,transactions.csv,337,TX-RI-PROD,MISSING_DIM,product_id not found in dim_product,"{""transaction_id"": ""T0652"", ""account_id"": ""A0145"", ""product_id"": ""P973"", ""branch_id"": ""B288"", ""date"": ""2025-09-11"", ""timestamp"": ""2026-09-19 11:31:00"", ""amount"": ""515"", ""payment_method"": ""UPI"", ""status"": ""Success"", ""currency"": ""inr"", ""remarks"": ""ATM Withdrawal"", ""is_refund"": ""False""}"
transactions,day1-baseline,transactions.csv,339,TX-RI-PROD,MISSING_DIM,product_id not found in dim_product,"{""transaction_id"": ""T0491"", ""account_id"": ""A0125"", ""product_id"": ""P089"", ""branch_id"": ""B005"", ""date"": ""09-01-2026"", ""timestamp"": ""2025-07-13 10:31:00"", ""amount"": ""52588"", ""payment_method"": ""Card"", ""status"": ""Pending"", ""currency"": ""INR"", ""remarks"": ""ATM Withdrawal"", ""is_refund"": ""False""}"
transactions,day1-baseline,transactions.csv,342,TX-RI-PROD,MISSING_DIM,product_id not found in dim_product,"{""transaction_id"": ""T0076"", ""account_id"": ""A0079"", ""product_id"": ""P298"", ""branch_id"": ""B070"", ""date"": ""2026-04-03"", ""timestamp"": ""2026-04-03 17:19:00"", ""amount"": ""32347"", ""payment_method"": ""UPI"", ""status"": ""Failed"", ""currency"": ""INR"", ""remarks"": ""Fund Transfer"", ""is_refund"": ""N""}"
transactions,day1-baseline,transactions.csv,344,TX-RI-PROD,MISSING_DIM,product_id not found in dim_product,"{""transaction_id"": ""T0490"", ""account_id"": ""A3203"", ""product_id"": ""P063"", ""branch_id"": ""B073"", ""date"": ""09/29/2026"", ""timestamp"": ""2026-09-29 20:33:00"", ""amount"": ""93282"", ""payment_method"": ""NetBanking"", ""status"": ""Pending"", ""currency"": ""INR"", ""remarks"": ""Bill Payment"", ""is_refund"": ""True""}"
transactions,day1-baseline,transactions.csv,345,TX-RI-PROD,MISSING_DIM,product_id not found in dim_product,"{""transaction_id"": ""T0640"", ""account_id"": ""A0003"", ""product_id"": ""P298"", ""branch_id"": ""B014"", ""date"": ""2026-04-01"", ""timestamp"": ""2026-04-01 16:32:00"", ""amount"": ""173795"", ""payment_method"": ""Card"", ""status"": ""Failed"", ""currency"": ""INR"", ""remarks"": ""EMI Payment"", ""is_refund"": ""N""}"
transactions,day1-baseline,transactions.csv,356,TX-RI-PROD,MISSING_DIM,product_id not found in dim_product,"{""transaction_id"": ""T0795"", ""account_id"": ""A2197"", ""product_id"": ""P985"", ""branch_id"": ""B059"", ""date"": ""2026-09-17"", ""timestamp"": ""2026-09-17 03:56:00"", ""amount"": ""8,811"", ""payment_method"": ""Cash"", ""status"": ""Faild"", ""currency"": ""INR"", ""remarks"": ""Bill Payment"", ""is_refund"": ""False""}"
transactions,day1-baseline,transactions.csv,357,TX-RI-PROD,MISSING_DIM,product_id not found in dim_product,"{""transaction_id"": ""T0676"", ""account_id"": ""A0143"", ""product_id"": ""P299"", ""branch_id"": ""B494"", ""date"": ""2026-05-05"", ""timestamp"": ""2026-05-05 22:00:00"", ""amount"": ""176956"", ""payment_method"": ""Cash"", ""status"": ""Failed"", ""currency"": ""INR"", ""remarks"": ""ATM Withdrawal"", ""is_refund"": ""N""}"
transactions,day1-baseline,transactions.csv,411,TX-RI-PROD,MISSING_DIM,product_id not found in dim_product,"{""transaction_id"": ""T0850"", ""account_id"": ""A2199"", ""product_id"": ""P063"", ""branch_id"": ""B497"", ""date"": ""2026-05-22"", ""timestamp"": ""2026-05-22 03:18:00"", ""amount"": ""58729"", ""payment_method"": ""NetBanking"", ""status"": ""Success"", ""currency"": ""INR"", ""remarks"": ""Fund Transfer"", ""is_refund"": ""N""}"
transactions,day1-baseline,transactions.csv,429,TX-RI-PROD,MISSING_DIM,product_id not found in dim_product,"{""transaction_id"": ""T0672"", ""account_id"": ""A0135"", ""product_id"": ""P002"", ""branch_id"": ""B045"", ""date"": ""08-04-2026"", ""timestamp"": ""2025-10-05 13:44:00"", ""amount"": ""44605"", ""payment_method"": ""Cash"", ""status"": ""Pending"", ""currency"": ""INR"", ""remarks"": ""Salary Credit"", ""is_refund"": ""0""}"
transactions,day1-baseline,transactions.csv,444,TX-RI-PROD,MISSING_DIM,product_id not found in dim_product,"{""transaction_id"": ""T0784"", ""account_id"": ""A0106"", ""product_id"": ""P913"", ""branch_id"": ""B074"", ""date"": ""2025-08-24"", ""timestamp"": ""2025-08-24 03:20:00"", ""amount"": ""141277"", ""payment_method"": ""UPI"", ""status"": ""Failed"", ""currency"": ""INR"", ""remarks"": ""Salary Credit"", ""is_refund"": """"}"
transactions,day1-baseline,transactions.csv,454,TX-RI-PROD,MISSING_DIM,product_id not found in dim_product,"{""transaction_id"": ""T0586"", ""account_id"": ""A3201"", ""product_id"": ""P002"", ""branch_id"": ""B494"", ""date"": ""2025-12-13"", ""timestamp"": ""2025-12-13 01:33:00"", ""amount"": ""54001"", ""payment_method"": ""NetBanking"", ""status"": ""Failed"", ""currency"": ""INR"", ""remarks"": ""Online Purchase"", ""is_refund"": """"}"
transactions,day1-baseline,transactions.csv,468,TX-RI-PROD,MISSING_DIM,product_id not found in dim_product,"{""transaction_id"": ""T0220"", ""account_id"": ""A0157"", ""product_id"": ""P089"", ""branch_id"": ""B003"", ""date"": ""2026-03-26"", ""timestamp"": ""2026-03-26 20:14:00"", ""amount"": ""58637"", ""payment_method"": ""UPI"", ""status"": ""Pending"", ""currency"": ""INR"", ""remarks"": ""Bill Payment"", ""is_refund"": ""0""}"
transactions,day1-baseline,transactions.csv,485,TX-RI-PROD,MISSING_DIM,product_id not found in dim_product,"{""transaction_id"": ""T0408"", ""account_id"": ""A0144"", ""product_id"": ""P957"", ""branch_id"": ""B068"", ""date"": ""2026-04-13"", ""timestamp"": ""2026-04-13 11:30:00"", ""amount"": ""185654"", ""payment_method"": ""Cash"", ""status"": ""Pending"", ""currency"": ""INR"", ""remarks"": ""ATM Withdrawal"", ""is_refund"": ""False""}"
transactions,day1-baseline,transactions.csv,487,TX-RI-PROD,MISSING_DIM,product_id not found in dim_product,"{""transaction_id"": ""T0231"", ""account_id"": ""A6235"", ""product_id"": ""P928"", ""branch_id"": ""B286"", ""date"": ""2025-07-13"", ""timestamp"": ""2026-01-14 04:22:00"", ""amount"": ""172299"", ""payment_method"": ""Card"", ""status"": ""Pending"", ""currency"": ""INR"", ""remarks"": ""Bill Payment"", ""is_refund"": ""False""}"
transactions,day1-baseline,transactions.csv,491,TX-RI-PROD,MISSING_DIM,product_id not found in dim_product,"{""transaction_id"": ""T0900"", ""account_id"": ""A5228"", ""product_id"": ""P991"", ""branch_id"": ""B181"", ""date"": ""31-08-2026"", ""timestamp"": ""2026-08-31 09:15:00"", ""amount"": ""56453"", ""payment_method"": ""NetBanking"", ""status"": ""Success"", ""currency"": ""INR"", ""remarks"": ""Fund Transfer"", ""is_refund"": """"}"
transactions,day1-baseline,transactions.csv,500,TX-RI-PROD,MISSING_DIM,product_id not found in dim_product,"{""transaction_id"": ""T0478"", ""account_id"": ""A0101"", ""product_id"": ""P300"", ""branch_id"": ""B004"", ""date"": ""04/04/2026"", ""timestamp"": ""2026-04-04 06:51:00"", ""amount"": ""121791"", ""payment_method"": ""UPI"", ""status"": ""Failed"", ""currency"": ""INR"", ""remarks"": ""Online Purchase"", ""is_refund"": ""0""}"
transactions,day1-baseline,transactions.csv,504,TX-RI-PROD,MISSING_DIM,product_id not found in dim_product,"{""transaction_id"": ""T0281"", ""account_id"": ""A7250"", ""product_id"": ""P002"", ""branch_id"": ""B029"", ""date"": ""2025-09-10"", ""timestamp"": ""2025-09-10 06:16:00"", ""amount"": ""36070"", ""payment_method"": ""NetBanking"", ""status"": ""Pending"", ""currency"": ""INR"", ""remarks"": ""Bill Payment"", ""is_refund"": ""0""}"
transactions,day1-baseline,transactions.csv,508,TX-RI-PROD,MISSING_DIM,product_id not found in dim_product,"{""transaction_id"": ""T0896"", ""account_id"": ""A7247"", ""product_id"": ""P002"", ""branch_id"": ""B026"", ""date"": ""2025-07-04"", ""timestamp"": ""2025-07-04 03:36:00"", ""amount"": ""49156"", ""payment_method"": ""Card"", ""status"": ""Failed"", ""currency"": ""INR"", ""remarks"": ""Fund Transfer"", ""is_refund"": ""N""}"
transactions,day1-baseline,transactions.csv,520,TX-RI-PROD,MISSING_DIM,product_id not found in dim_product,"{""transaction_id"": ""T0095"", ""account_id"": ""A0128"", ""product_id"": ""P063"", ""branch_id"": ""B065"", ""date"": ""2026/02/26"", ""timestamp"": ""2026-02-26 05:32:00"", ""amount"": ""15111"", ""payment_method"": ""UPI"", ""status"": ""Success"", ""currency"": ""INR"", ""remarks"": ""EMI Payment"", ""is_refund"": ""N""}"
transactions,day1-baseline,transactions.csv,529,TX-RI-PROD,MISSING_DIM,product_id not found in dim_product,"{""transaction_id"": ""T0774"", ""account_id"": ""A6236"", ""product_id"": ""P932"", ""branch_id"": ""B392"", ""date"": ""2025-08-18"", ""timestamp"": ""2025-07-05 19:00:00"", ""amount"": ""163734"", ""payment_method"": ""NetBanking"", ""status"": ""Success"", ""currency"": ""INR"", ""remarks"": ""EMI Payment"", ""is_refund"": ""N""}"
transactions,day1-baseline,transactions.csv,592,TX-RI-PROD,MISSING_DIM,product_id not found in dim_product,"{""transaction_id"": ""T0046"", ""account_id"": ""A6240"", ""product_id"": ""P300"", ""branch_id"": ""B066"", ""date"": ""2026-09-13"", ""timestamp"": ""2026-09-13 08:29:00"", ""amount"": ""Rs.136015"", ""payment_method"": ""Cash"", ""status"": ""Failed"", ""currency"": ""INR"", ""remarks"": ""Bill Payment"", ""is_refund"": ""0""}"
transactions,day1-baseline,transactions.csv,601,TX-RI-PROD,MISSING_DIM,product_id not found in dim_product,"{""transaction_id"": ""T0871"", ""account_id"": ""A0125"", ""product_id"": ""P908"", ""branch_id"": ""B041"", ""date"": ""2025-11-26"", ""timestamp"": ""2026-05-31 21:44:00"", ""amount"": ""122766"", ""payment_method"": ""Card"", ""status"": ""Pending"", ""currency"": ""INR"", ""remarks"": ""ATM Withdrawal"", ""is_refund"": ""0""}"
transactions,day1-baseline,transactions.csv,629,TX-RI-PROD,MISSING_DIM,product_id not found in dim_product,"{""transaction_id"": ""T0645"", ""account_id"": ""A0136"", ""product_id"": ""P925"", ""branch_id"": ""B068"", ""date"": ""2026/07/11"", ""timestamp"": ""2026-07-11 00:29:00"", ""amount"": ""106478"", ""payment_method"": ""UPI"", ""status"": ""FAILED"", ""currency"": ""EUR"", ""remarks"": ""Fund Transfer"", ""is_refund"": ""False""}"
transactions,day1-baseline,transactions.csv,635,TX-RI-PROD,MISSING_DIM,product_id not found in dim_product,"{""transaction_id"": ""T0499"", ""account_id"": ""A0046"", ""product_id"": ""P299"", ""branch_id"": ""B009"", ""date"": ""2026-01-24"", ""timestamp"": ""2026-01-24 04:26:00"", ""amount"": ""124539"", ""payment_method"": ""NetBanking"", ""status"": ""Pending"", ""currency"": ""INR"", ""remarks"": """", ""is_refund"": ""N""}"
transactions,day1-baseline,transactions.csv,636,TX-RI-PROD,MISSING_DIM,product_id not found in dim_product,"{""transaction_id"": ""T0822"", ""account_id"": ""A5226"", ""product_id"": ""P967"", ""branch_id"": ""B069"", ""date"": ""10-11-2025"", ""timestamp"": ""2025-10-01 15:13:00"", ""amount"": ""105997"", ""payment_method"": ""Card"", ""status"": ""Success"", ""currency"": ""INR"", ""remarks"": """", ""is_refund"": ""0""}"
transactions,day1-baseline,transactions.csv,639,TX-RI-PROD,MISSING_DIM,product_id not found in dim_product,"{""transaction_id"": ""T0488"", ""account_id"": ""A0022"", ""product_id"": ""P299"", ""branch_id"": ""B496"", ""date"": ""31-03-2026"", ""timestamp"": ""2026-02-22 17:48:00"", ""amount"": ""97212"", ""payment_method"": ""Card"", ""status"": ""Failed"", ""currency"": ""INR"", ""remarks"": ""Bill Payment"", ""is_refund"": ""0""}"
transactions,day1-baseline,transactions.csv,642,TX-RI-PROD,MISSING_DIM,product_id not found in dim_product,"{""transaction_id"": ""T0444"", ""account_id"": ""A0154"", ""product_id"": ""P939"", ""branch_id"": ""B058"", ""date"": ""2026-05-20"", ""timestamp"": ""2026-05-19 09:43:00"", ""amount"": ""162630"", ""payment_method"": ""Card"", ""status"": ""Pending"", ""currency"": ""INR"", ""remarks"": ""Online Purchase"", ""is_refund"": ""False""}"
transactions,day1-baseline,transactions.csv,645,TX-RI-PROD,MISSING_DIM,product_id not found in dim_product,"{""transaction_id"": ""T0593"", ""account_id"": ""A0049"", ""product_id"": ""P942"", ""branch_id"": ""B601"", ""date"": ""2025-11-11"", ""timestamp"": ""2025-11-11 18:51:00"", ""amount"": ""131078"", ""payment_method"": ""NetBanking"", ""status"": ""Faild"", ""currency"": ""INR"", ""remarks"": ""Bill Payment"", ""is_refund"": ""True""}"
transactions,day1-baseline,transactions.csv,654,TX-RI-PROD,MISSING_DIM,product_id not found in dim_product,"{""transaction_id"": ""T0691"", ""account_id"": ""A0107"", ""product_id"": ""P935"", ""branch_id"": ""B042"", ""date"": ""2025/08/01"", ""timestamp"": ""2025-08-01 01:59:00"", ""amount"": ""165467"", ""payment_method"": ""UPI"", ""status"": ""Failed"", ""currency"": ""INR"", ""remarks"": ""Bill Payment"", ""is_refund"": ""Y""}"
transactions,day1-baseline,transactions.csv,658,TX-RI-PROD,MISSING_DIM,product_id not found in dim_product,"{""transaction_id"": ""T0668"", ""account_id"": ""A7246"", ""product_id"": ""P963"", ""branch_id"": ""B032"", ""date"": ""2025-10-17"", ""timestamp"": ""2025-10-17 10:16:00"", ""amount"": ""34580"", ""payment_method"": ""Cash"", ""status"": ""Failed"", ""currency"": ""INR"", ""remarks"": ""ATM Withdrawal"", ""is_refund"": """"}"
transactions,day1-baseline,transactions.csv,666,TX-RI-PROD,MISSING_DIM,product_id not found in dim_product,"{""transaction_id"": ""T0275"", ""account_id"": ""A2195"", ""product_id"": ""P931"", ""branch_id"": ""B032"", ""date"": ""2026-02-27"", ""timestamp"": ""2026-08-24 00:36:00"", ""amount"": ""178770"", ""payment_method"": ""cash"", ""status"": ""FAILED"", ""currency"": ""INR"", ""remarks"": ""EMI Payment"", ""is_refund"": ""False""}"
transactions,day1-baseline,transactions.csv,697,TX-RI-PROD,MISSING_DIM,product_id not found in dim_product,"{""transaction_id"": ""T0310"", ""account_id"": ""A0151"", ""product_id"": ""P002"", ""branch_id"": ""B035"", ""date"": ""03/11/2025"", ""timestamp"": ""2025-11-03 13:43:00"", ""amount"": ""153790"", ""payment_method"": ""upi"", ""status"": ""Success"", ""currency"": ""INR"", ""remarks"": """", ""is_refund"": ""N""}"
transactions,day1-baseline,transactions.csv,709,TX-RI-PROD,MISSING_DIM,product_id not found in dim_product,"{""transaction_id"": ""T0059"", ""account_id"": ""A0064"", ""product_id"": ""P063"", ""branch_id"": ""B047"", ""date"": ""2025-10-28"", ""timestamp"": ""2025-10-28 01:47:00"", ""amount"": ""37617"", ""payment_method"": ""CASH"", ""status"": ""Pending"", ""currency"": ""inr"", ""remarks"": ""Salary Credit"", ""is_refund"": ""0""}"
transactions,day1-baseline,transactions.csv,712,TX-RI-PROD,MISSING_DIM,product_id not found in dim_product,"{""transaction_id"": ""T0798"", ""account_id"": ""A0138"", ""product_id"": ""P002"", ""branch_id"": ""B052"", ""date"": ""2026-03-09"", ""timestamp"": ""2026-03-09 08:15:00"", ""amount"": ""92177"", ""payment_method"": ""UPI"", ""status"": ""Failed"", ""currency"": ""INR"", ""remarks"": ""Fund Transfer"", ""is_refund"": ""N""}"
transactions,day1-baseline,transactions.csv,718,TX-RI-PROD,MISSING_DIM,product_id not found in dim_product,"{""transaction_id"": ""T0537"", ""account_id"": ""A0103"", ""product_id"": ""P298"", ""branch_id"": ""B182"", ""date"": ""2025-08-12"", ""timestamp"": ""2025-08-12 23:51:00"", ""amount"": ""167496"", ""payment_method"": ""Cheque"", ""status"": ""Failed"", ""currency"": ""INR"", ""remarks"": ""Fund Transfer"", ""is_refund"": ""False""}"
transactions,day1-baseline,transactions.csv,721,TX-RI-PROD,MISSING_DIM,product_id not found in dim_product,"{""transaction_id"": ""T0748"", ""account_id"": ""A6234"", ""product_id"": ""P002"", ""branch_id"": ""B007"", ""date"": ""2025-07-10"", ""timestamp"": ""2025-07-10 16:30:00"", ""amount"": ""42966"", ""payment_method"": ""NetBanking"", ""status"": ""Failed"", ""currency"": ""INR"", ""remarks"": ""EMI Payment"", ""is_refund"": ""False""}"
transactions,day1-baseline,transactions.csv,740,TX-RI-PROD,MISSING_DIM,product_id not found in dim_product,"{""transaction_id"": ""T0417"", ""account_id"": ""A7249"", ""product_id"": ""P938"", ""branch_id"": ""B029"", ""date"": ""2026-01-14"", ""timestamp"": ""2026-04-02 01:52:00"", ""amount"": ""179849"", ""payment_method"": ""Cash"", ""status"": ""Success"", ""currency"": ""INR"", ""remarks"": ""ATM Withdrawal"", ""is_refund"": ""False""}"
transactions,day1-baseline,transactions.csv,761,TX-RI-PROD,MISSING_DIM,product_id not found in dim_product,"{""transaction_id"": ""T0405"", ""account_id"": ""A0099"", ""product_id"": ""P928"", ""branch_id"": ""B023"", ""date"": ""2026-08-31"", ""timestamp"": ""2026-08-31 07:15:00"", ""amount"": ""59700"", ""payment_method"": ""NetBanking"", ""status"": ""Pending"", ""currency"": ""INR"", ""remarks"": ""ATM Withdrawal"", ""is_refund"": ""N""}"
transactions,day1-baseline,transactions.csv,772,TX-RI-PROD,MISSING_DIM,product_id not found in dim_product,"{""transaction_id"": ""T0581"", ""account_id"": ""A0072"", ""product_id"": ""P089"", ""branch_id"": ""B045"", ""date"": ""2025-11-28"", ""timestamp"": ""2025-11-28 10:52:00"", ""amount"": ""86421"", ""payment_method"": ""NetBanking"", ""status"": ""Failed"", ""currency"": ""INR"", ""remarks"": ""Online Purchase"", ""is_refund"": ""False""}"
transactions,day1-baseline,transactions.csv,773,TX-RI-PROD,MISSING_DIM,product_id not found in dim_product,"{""transaction_id"": ""T0276"", ""account_id"": ""A0094"", ""product_id"": ""P945"", ""branch_id"": ""B060"", ""date"": ""2025-12-02"", ""timestamp"": ""2025-12-02 16:49:00"", ""amount"": ""174547"", ""payment_method"": ""Cash"", ""status"": ""Pending"", ""currency"": ""INR"", ""remarks"": ""ATM Withdrawal"", ""is_refund"": """"}"
transactions,day1-baseline,transactions.csv,803,TX-RI-PROD,MISSING_DIM,product_id not found in dim_product,"{""transaction_id"": ""T0051"", ""account_id"": ""A3209"", ""product_id"": ""P063"", ""branch_id"": ""B031"", ""date"": ""2025-08-19"", ""timestamp"": ""2025-08-19 20:22:00"", ""amount"": ""113690"", ""payment_method"": ""UPI"", ""status"": ""Pending"", ""currency"": ""INR"", ""remarks"": ""ATM Withdrawal"", ""is_refund"": ""False""}"
transactions,day1-baseline,transactions.csv,805,TX-RI-PROD,MISSING_DIM,product_id not found in dim_product,"{""transaction_id"": ""T0398"", ""account_id"": ""A0088"", ""product_id"": ""P300"", ""branch_id"": ""B057"", ""date"": ""2026-03-25"", ""timestamp"": ""2026-07-10 19:38:00"", ""amount"": ""95540"", ""payment_method"": ""Cash"", ""status"": ""Pending"", ""currency"": ""INR"", ""remarks"": ""EMI Payment"", ""is_refund"": ""0""}"
transactions,day1-baseline,transactions.csv,811,TX-RI-PROD,MISSING_DIM,product_id not found in dim_product,"{""transaction_id"": ""T0060"", ""account_id"": ""A0088"", ""product_id"": ""P299"", ""branch_id"": ""B068"", ""date"": ""08/14/2026"", ""timestamp"": ""2026-08-14 02:51:00"", ""amount"": ""53621"", ""payment_method"": ""Card"", ""status"": ""Success"", ""currency"": ""INR"", ""remarks"": ""EMI Payment"", ""is_refund"": ""0""}"
transactions,day1-baseline,transactions.csv,822,TX-RI-PROD,MISSING_DIM,product_id not found in dim_product,"{""transaction_id"": ""T0514"", ""account_id"": ""A0143"", ""product_id"": ""P299"", ""branch_id"": ""B010"", ""date"": ""2026-08-04"", ""timestamp"": ""2026-08-04 14:24:00"", ""amount"": ""84966"", ""payment_method"": ""Card "", ""status"": ""FAILED"", ""currency"": ""INR"", ""remarks"": ""Online Purchase"", ""is_refund"": """"}"
transactions,day1-baseline,transactions.csv,826,TX-RI-PROD,MISSING_DIM,product_id not found in dim_product,"{""transaction_id"": ""T0504"", ""account_id"": ""A1173"", ""product_id"": ""P300"", ""branch_id"": ""B067"", ""date"": ""01/26/2026"", ""timestamp"": ""2026-05-26 21:42:00"", ""amount"": ""145235"", ""payment_method"": ""NetBanking"", ""status"": ""Success"", ""currency"": ""INR"", ""remarks"": """", ""is_refund"": ""False""}"
transactions,day1-baseline,transactions.csv,851,TX-RI-PROD,MISSING_DIM,product_id not found in dim_product,"{""transaction_id"": ""T0702"", ""account_id"": ""A0006"", ""product_id"": ""P979"", ""branch_id"": ""B060"", ""date"": ""2026-09-17"", ""timestamp"": ""2026-09-17 03:08:00"", ""amount"": ""191593"", ""payment_method"": ""NetBanking"", ""status"": ""Failed"", ""currency"": ""INR"", ""remarks"": ""Fund Transfer"", ""is_refund"": ""False""}"
transactions,day1-baseline,transactions.csv,858,TX-RI-PROD,MISSING_DIM,product_id not found in dim_product,"{""transaction_id"": ""T0234"", ""account_id"": ""A0069"", ""product_id"": ""P300"", ""branch_id"": ""B066"", ""date"": ""2025-09-09"", ""timestamp"": ""2025-09-09 20:58:00"", ""amount"": ""64963"", ""payment_method"": ""Card"", ""status"": ""Failed"", ""currency"": ""INR"", ""remarks"": """", ""is_refund"": ""0""}"
transactions,day1-baseline,transactions.csv,863,TX-RI-PROD,MISSING_DIM,product_id not found in dim_product,"{""transaction_id"": ""T0338"", ""account_id"": ""A0094"", ""product_id"": ""P986"", ""branch_id"": ""B037"", ""date"": ""2026-09-08"", ""timestamp"": ""2026-09-08 22:10:00"", ""amount"": ""154338"", ""payment_method"": ""Cash"", ""status"": ""Faild"", ""currency"": ""INR"", ""remarks"": ""ATM Withdrawal"", ""is_refund"": ""False""}"
transactions,day1-baseline,transactions.csv,876,TX-RI-PROD,MISSING_DIM,product_id not found in dim_product,"{""transaction_id"": ""T0134"", ""account_id"": ""A7250"", ""product_id"": ""P969"", ""branch_id"": ""B058"", ""date"": ""2026-04-30"", ""timestamp"": ""2026-08-31 09:46:00"", ""amount"": ""111320"", ""payment_method"": ""UPI"", ""status"": ""Failed"", ""currency"": ""INR"", ""remarks"": ""Salary Credit"", ""is_refund"": """"}"
transactions,day1-baseline,transactions.csv,880,TX-RI-PROD,MISSING_DIM,product_id not found in dim_product,"{""transaction_id"": ""T0605"", ""account_id"": ""A0005"", ""product_id"": ""P002"", ""branch_id"": ""B044"", ""date"": ""2026-08-07"", ""timestamp"": ""2026-08-07 02:23:00"", ""amount"": ""116580"", ""payment_method"": ""Card"", ""status"": ""Success"", ""currency"": ""INR"", ""remarks"": ""Online Purchase"", ""is_refund"": ""False""}"
transactions,day1-baseline,transactions.csv,916,TX-RI-PROD,MISSING_DIM,product_id not found in dim_product,"{""transaction_id"": ""T0285"", ""account_id"": ""A0058"", ""product_id"": ""P300"", ""branch_id"": ""B071"", ""date"": ""2026-09-24"", ""timestamp"": ""2025-08-19 07:13:00"", ""amount"": ""27659"", ""payment_method"": ""upi"", ""status"": ""Success"", ""currency"": ""INR"", ""remarks"": ""Salary Credit"", ""is_refund"": ""0""}"
transactions,day1-baseline,transactions.csv,927,TX-RI-PROD,MISSING_DIM,product_id not found in dim_product,"{""transaction_id"": ""T0602"", ""account_id"": ""A0141"", ""product_id"": ""P002"", ""branch_id"": ""B019"", ""date"": ""2026-03-12"", ""timestamp"": ""2026-03-12 03:14:00"", ""amount"": ""119443"", ""payment_method"": ""UPI"", ""status"": ""Success"", ""currency"": ""INR"", ""remarks"": ""Bill Payment"", ""is_refund"": ""True""}"
transactions,day1-baseline,transactions.csv,938,TX-RI-PROD,MISSING_DIM,product_id not found in dim_product,"{""transaction_id"": ""T0459"", ""account_id"": ""A4720"", ""product_id"": ""P955"", ""branch_id"": ""B392"", ""date"": ""30/08/2026"", ""timestamp"": ""2026-08-30 05:00:00"", ""amount"": ""151694"", ""payment_method"": ""Card"", ""status"": ""Success"", ""currency"": ""INR"", ""remarks"": ""ATM Withdrawal"", ""is_refund"": ""N""}"
transactions,day1-baseline,transactions.csv,4,TX-RI-BR,MISSING_DIM,branch_id not found in dim_branch,"{""transaction_id"": ""T0118"", ""account_id"": ""A0074"", ""product_id"": ""P402"", ""branch_id"": ""B926"", ""date"": ""04/08/2026"", ""timestamp"": ""2026-08-04 20:48:00"", ""amount"": ""171959"", ""payment_method"": ""UPI"", ""status"": ""Pending"", ""currency"": ""INR"", ""remarks"": ""Online Purchase"", ""is_refund"": ""N""}"
transactions,day1-baseline,transactions.csv,7,TX-RI-BR,MISSING_DIM,branch_id not found in dim_branch,"{""transaction_id"": ""T0152"", ""account_id"": ""A2193"", ""product_id"": ""P073"", ""branch_id"": ""B924"", ""date"": ""2026-09-24"", ""timestamp"": ""2026-09-24 00:47:00"", ""amount"": ""59647"", ""payment_method"": ""UPI"", ""status"": ""FAILED"", ""currency"": ""INR"", ""remarks"": """", ""is_refund"": ""False""}"
transactions,day1-baseline,transactions.csv,24,TX-RI-BR,MISSING_DIM,branch_id not found in dim_branch,"{""transaction_id"": ""T0137"", ""account_id"": ""A0144"", ""product_id"": ""P022"", ""branch_id"": ""B051"", ""date"": ""2026-07-10"", ""timestamp"": ""2026-07-10 05:09:00"", ""amount"": ""133088"", ""payment_method"": ""Cash"", ""status"": ""Pending"", ""currency"": ""INR"", ""remarks"": ""Salary Credit"", ""is_refund"": ""False""}"
transactions,day1-baseline,transactions.csv,72,TX-RI-BR,MISSING_DIM,branch_id not found in dim_branch,"{""transaction_id"": ""T0433"", ""account_id"": ""A1180"", ""product_id"": ""P086"", ""branch_id"": ""B051"", ""date"": ""2025-12-29"", ""timestamp"": ""2025-12-29 15:01:00"", ""amount"": ""163517"", ""payment_method"": ""UPI"", ""status"": ""Success"", ""currency"": ""INR"", ""remarks"": ""Bill Payment"", ""is_refund"": ""False""}"
transactions,day1-baseline,transactions.csv,78,TX-RI-BR,MISSING_DIM,branch_id not found in dim_branch,"{""transaction_id"": ""T0374"", ""account_id"": ""A5226"", ""product_id"": ""P025"", ""branch_id"": ""B051"", ""date"": ""2026-06-05"", ""timestamp"": ""2026-03-22 15:41:00"", ""amount"": ""156535"", ""payment_method"": ""UPI"", ""status"": ""Pending"", ""currency"": ""INR"", ""remarks"": ""Fund Transfer"", ""is_refund"": ""False""}"
transactions,day1-baseline,transactions.csv,93,TX-RI-BR,MISSING_DIM,branch_id not found in dim_branch,"{""transaction_id"": ""T0807"", ""account_id"": ""A0100"", ""product_id"": ""P609"", ""branch_id"": ""B051"", ""date"": ""2025-07-05"", ""timestamp"": ""2025-07-05 02:13:00"", ""amount"": ""115200"", ""payment_method"": ""Card"", ""status"": ""Failed"", ""currency"": ""INR"", ""remarks"": ""Fund Transfer"", ""is_refund"": """"}"
transactions,day1-baseline,transactions.csv,101,TX-RI-BR,MISSING_DIM,branch_id not found in dim_branch,"{""transaction_id"": ""T0875"", ""account_id"": ""A0014"", ""product_id"": ""P085"", ""branch_id"": ""B931"", ""date"": ""12/05/2025"", ""timestamp"": ""2025-12-05 03:45:00"", ""amount"": ""43325"", ""payment_method"": ""NetBanking"", ""status"": ""Succes"", ""currency"": ""INR"", ""remarks"": ""Fund Transfer"", ""is_refund"": ""False""}"
transactions,day1-baseline,transactions.csv,137,TX-RI-BR,MISSING_DIM,branch_id not found in dim_branch,"{""transaction_id"": ""T0001"", ""account_id"": ""A0061"", ""product_id"": ""P004"", ""branch_id"": ""B905"", ""date"": ""2026-06-19"", ""timestamp"": ""2026-06-19 19:09:00"", ""amount"": ""97859"", ""payment_method"": ""Cash"", ""status"": ""FAILED"", ""currency"": ""INR"", ""remarks"": ""Bill Payment"", ""is_refund"": ""False""}"
transactions,day1-baseline,transactions.csv,153,TX-RI-BR,MISSING_DIM,branch_id not found in dim_branch,"{""transaction_id"": ""T0792"", ""account_id"": ""A0081"", ""product_id"": ""P039"", ""branch_id"": ""B941"", ""date"": ""2026-04-21"", ""timestamp"": ""2026-04-21 08:18:00"", ""amount"": ""153069"", ""payment_method"": ""Cash"", ""status"": ""SUCCESS"", ""currency"": ""INR"", ""remarks"": ""Bill Payment"", ""is_refund"": ""False""}"
transactions,day1-baseline,transactions.csv,177,TX-RI-BR,MISSING_DIM,branch_id not found in dim_branch,"{""transaction_id"": ""T0770"", ""account_id"": ""A1175"", ""product_id"": ""P016"", ""branch_id"": ""B051"", ""date"": ""2025-09-02"", ""timestamp"": ""2026-06-08 17:34:00"", ""amount"": ""820"", ""payment_method"": ""NetBanking"", ""status"": ""Failed"", ""currency"": ""INR"", ""remarks"": ""EMI Payment"", ""is_refund"": """"}"
transactions,day1-baseline,transactions.csv,191,TX-RI-BR,MISSING_DIM,branch_id not found in dim_branch,"{""transaction_id"": ""T0414"", ""account_id"": ""A0144"", ""product_id"": ""P014"", ""branch_id"": ""B051"", ""date"": ""2026-02-18"", ""timestamp"": ""2026-02-18 17:53:00"", ""amount"": ""102433"", ""payment_method"": ""Card"", ""status"": ""Pending"", ""currency"": ""INR"", ""remarks"": ""EMI Payment"", ""is_refund"": ""False""}"
transactions,day1-baseline,transactions.csv,209,TX-RI-BR,MISSING_DIM,branch_id not found in dim_branch,"{""transaction_id"": ""T0031"", ""account_id"": ""A0145"", ""product_id"": ""P033"", ""branch_id"": ""B051"", ""date"": ""2025-12-01"", ""timestamp"": ""2025-12-01 10:49:00"", ""amount"": ""2107"", ""payment_method"": ""Card"", ""status"": ""Pending"", ""currency"": ""INR"", ""remarks"": ""Online Purchase"", ""is_refund"": """"}"
transactions,day1-baseline,transactions.csv,251,TX-RI-BR,MISSING_DIM,branch_id not found in dim_branch,"{""transaction_id"": ""T0810"", ""account_id"": ""A0115"", ""product_id"": ""P402"", ""branch_id"": ""B921"", ""date"": ""2026-06-08"", ""timestamp"": ""2026-06-08 06:51:00"", ""amount"": ""35877"", ""payment_method"": ""UPI"", ""status"": ""pending"", ""currency"": ""INR"", ""remarks"": ""Salary Credit"", ""is_refund"": ""N""}"
transactions,day1-baseline,transactions.csv,276,TX-RI-BR,MISSING_DIM,branch_id not found in dim_branch,"{""transaction_id"": ""T0033"", ""account_id"": ""A0115"", ""product_id"": ""P050"", ""branch_id"": ""B948"", ""date"": ""2026-09-05"", ""timestamp"": ""2026-05-07 12:11:00"", ""amount"": ""156525"", ""payment_method"": ""UPI"", ""status"": ""Pending"", ""currency"": ""INR"", ""remarks"": """", ""is_refund"": """"}"
transactions,day1-baseline,transactions.csv,282,TX-RI-BR,MISSING_DIM,branch_id not found in dim_branch,"{""transaction_id"": ""T0725"", ""account_id"": ""A0073"", ""product_id"": ""P050"", ""branch_id"": ""B002"", ""date"": ""2025-12-12"", ""timestamp"": ""2025-12-12 08:37:00"", ""amount"": ""169857"", ""payment_method"": ""Card"", ""status"": ""Pending"", ""currency"": ""INR"", ""remarks"": """", ""is_refund"": ""False""}"
transactions,day1-baseline,transactions.csv,298,TX-RI-BR,MISSING_DIM,branch_id not found in dim_branch,"{""transaction_id"": ""T0545"", ""account_id"": ""A0023"", ""product_id"": ""P044"", ""branch_id"": ""B002"", ""date"": ""2025-07-12"", ""timestamp"": ""2025-07-12 23:06:00"", ""amount"": ""97066"", ""payment_method"": ""Card"", ""status"": ""Failed"", ""currency"": ""INR"", ""remarks"": ""Bill Payment"", ""is_refund"": ""False""}"
transactions,day1-baseline,transactions.csv,321,TX-RI-BR,MISSING_DIM,branch_id not found in dim_branch,"{""transaction_id"": ""T0845"", ""account_id"": ""A6239"", ""product_id"": ""P505"", ""branch_id"": ""B979"", ""date"": ""2026-06-30"", ""timestamp"": ""2026-02-08 09:08:00"", ""amount"": ""52941"", ""payment_method"": ""netbanking"", ""status"": ""Success"", ""currency"": ""INR"", ""remarks"": ""Online Purchase"", ""is_refund"": ""False""}"
transactions,day1-baseline,transactions.csv,324,TX-RI-BR,MISSING_DIM,branch_id not found in dim_branch,"{""transaction_id"": ""T0023"", ""account_id"": ""A2200"", ""product_id"": ""P004"", ""branch_id"": ""B949"", ""date"": ""05/19/2026"", ""timestamp"": ""2026-05-19 06:18:00"", ""amount"": ""115726"", ""payment_method"": ""Cash"", ""status"": ""Success"", ""currency"": ""INR"", ""remarks"": ""Bill Payment"", ""is_refund"": ""False""}"
transactions,day1-baseline,transactions.csv,355,TX-RI-BR,MISSING_DIM,branch_id not found in dim_branch,"{""transaction_id"": ""T0879"", ""account_id"": ""A0086"", ""product_id"": ""P069"", ""branch_id"": ""B944"", ""date"": ""10/08/2025"", ""timestamp"": ""2025-08-10 03:20:00"", ""amount"": ""118960"", ""payment_method"": ""NetBanking"", ""status"": ""pending"", ""currency"": ""INR"", ""remarks"": ""EMI Payment"", ""is_refund"": ""1""}"
transactions,day1-baseline,transactions.csv,371,TX-RI-BR,MISSING_DIM,branch_id not found in dim_branch,"{""transaction_id"": ""T0503"", ""account_id"": ""A0127"", ""product_id"": ""P003"", ""branch_id"": ""B002"", ""date"": ""2025-10-29"", ""timestamp"": ""2025-10-29 09:42:00"", ""amount"": ""86118"", ""payment_method"": ""Cash"", ""status"": ""Pending"", ""currency"": ""INR"", ""remarks"": ""EMI Payment"", ""is_refund"": ""False""}"
transactions,day1-baseline,transactions.csv,385,TX-RI-BR,MISSING_DIM,branch_id not found in dim_branch,"{""transaction_id"": ""T0122"", ""account_id"": ""A0126"", ""product_id"": ""P048"", ""branch_id"": ""B950"", ""date"": ""09/26/2025"", ""timestamp"": ""2025-09-26 14:44:00"", ""amount"": ""106692"", ""payment_method"": ""UPI"", ""status"": ""Failed"", ""currency"": ""INR"", ""remarks"": ""Bill Payment"", ""is_refund"": ""N""}"
transactions,day1-baseline,transactions.csv,417,TX-RI-BR,MISSING_DIM,branch_id not found in dim_branch,"{""transaction_id"": ""T0309"", ""account_id"": ""A5222"", ""product_id"": ""P093"", ""branch_id"": ""B002"", ""date"": ""27/10/2025"", ""timestamp"": ""2025-10-27 23:07:00"", ""amount"": ""182184"", ""payment_method"": ""Cash"", ""status"": ""Failed"", ""currency"": ""INR"", ""remarks"": """", ""is_refund"": ""False""}"
transactions,day1-baseline,transactions.csv,419,TX-RI-BR,MISSING_DIM,branch_id not found in dim_branch,"{""transaction_id"": ""T0165"", ""account_id"": ""A0094"", ""product_id"": ""P075"", ""branch_id"": ""B002"", ""date"": ""2026/08/22"", ""timestamp"": ""2026-08-22 08:12:00"", ""amount"": ""185479"", ""payment_method"": ""Card "", ""status"": ""Pending"", ""currency"": ""INR"", ""remarks"": ""Online Purchase"", ""is_refund"": ""0""}"
transactions,day1-baseline,transactions.csv,427,TX-RI-BR,MISSING_DIM,branch_id not found in dim_branch,"{""transaction_id"": ""T0384"", ""account_id"": ""A0107"", ""product_id"": ""P034"", ""branch_id"": ""B002"", ""date"": ""2025-09-28"", ""timestamp"": ""2025-09-28 18:46:00"", ""amount"": ""135896"", ""payment_method"": ""UPI"", ""status"": ""Success"", ""currency"": ""INR"", ""remarks"": ""EMI Payment"", ""is_refund"": """"}"
transactions,day1-baseline,transactions.csv,493,TX-RI-BR,MISSING_DIM,branch_id not found in dim_branch,"{""transaction_id"": ""T0567"", ""account_id"": ""A0094"", ""product_id"": ""P008"", ""branch_id"": ""B002"", ""date"": ""09/16/2026"", ""timestamp"": ""2026-09-16 01:09:00"", ""amount"": ""104201"", ""payment_method"": ""Card"", ""status"": ""Failed"", ""currency"": ""INR"", ""remarks"": ""Online Purchase"", ""is_refund"": ""False""}"
transactions,day1-baseline,transactions.csv,497,TX-RI-BR,MISSING_DIM,branch_id not found in dim_branch,"{""transaction_id"": ""T0799"", ""account_id"": ""A1172"", ""product_id"": ""P004"", ""branch_id"": ""B950"", ""date"": ""26/06/2026"", ""timestamp"": ""2026-06-26 11:59:00"", ""amount"": ""183683"", ""payment_method"": ""NetBanking"", ""status"": ""Pending"", ""currency"": ""INR"", ""remarks"": """", ""is_refund"": """"}"
transactions,day1-baseline,transactions.csv,498,TX-RI-BR,MISSING_DIM,branch_id not found in dim_branch,"{""transaction_id"": ""T0617"", ""account_id"": ""A0162"", ""product_id"": ""P005"", ""branch_id"": ""B922"", ""date"": ""14-07-2025"", ""timestamp"": ""2025-07-24 13:30:00"", ""amount"": ""84438"", ""payment_method"": ""UPI"", ""status"": ""Failed"", ""currency"": ""INR"", ""remarks"": ""Salary Credit"", ""is_refund"": ""N""}"
transactions,day1-baseline,transactions.csv,509,TX-RI-BR,MISSING_DIM,branch_id not found in dim_branch,"{""transaction_id"": ""T0175"", ""account_id"": ""A2197"", ""product_id"": ""P712"", ""branch_id"": ""B002"", ""date"": ""2026/07/26"", ""timestamp"": ""2025-11-17 04:28:00"", ""amount"": ""94370"", ""payment_method"": ""Cash"", ""status"": ""Pending"", ""currency"": ""INR"", ""remarks"": ""Bill Payment"", ""is_refund"": ""False""}"
transactions,day1-baseline,transactions.csv,528,TX-RI-BR,MISSING_DIM,branch_id not found in dim_branch,"{""transaction_id"": ""T0769"", ""account_id"": ""A0151"", ""product_id"": ""P003"", ""branch_id"": ""B931"", ""date"": ""2026-03-24"", ""timestamp"": ""2026-08-18 08:16:00"", ""amount"": ""18506"", ""payment_method"": ""NetBanking"", ""status"": ""Pending"", ""currency"": ""INR"", ""remarks"": ""Salary Credit"", ""is_refund"": ""N""}"
transactions,day1-baseline,transactions.csv,546,TX-RI-BR,MISSING_DIM,branch_id not found in dim_branch,"{""transaction_id"": ""T0558"", ""account_id"": ""A5224"", ""product_id"": ""P049"", ""branch_id"": ""B971"", ""date"": ""2026-01-20"", ""timestamp"": ""2026-01-20 14:48:00"", ""amount"": ""109998"", ""payment_method"": ""Card"", ""status"": ""Success"", ""currency"": ""INR"", ""remarks"": ""EMI Payment"", ""is_refund"": ""False""}"
transactions,day1-baseline,transactions.csv,566,TX-RI-BR,MISSING_DIM,branch_id not found in dim_branch,"{""transaction_id"": ""T0117"", ""account_id"": ""A0083"", ""product_id"": ""P056"", ""branch_id"": ""B905"", ""date"": ""17/02/2026"", ""timestamp"": ""2026-02-17 23:46:00"", ""amount"": ""149701"", ""payment_method"": ""cash"", ""status"": ""Failed"", ""currency"": ""INR"", ""remarks"": ""ATM Withdrawal"", ""is_refund"": ""False""}"
transactions,day1-baseline,transactions.csv,582,TX-RI-BR,MISSING_DIM,branch_id not found in dim_branch,"{""transaction_id"": ""T0480"", ""account_id"": ""A0151"", ""product_id"": ""P056"", ""branch_id"": ""B002"", ""date"": ""2026-05-01"", ""timestamp"": ""2026-02-09 12:20:00"", ""amount"": ""31811"", ""payment_method"": ""cash"", ""status"": ""Pending"", ""currency"": ""INR"", ""remarks"": ""Fund Transfer"", ""is_refund"": ""False""}"
transactions,day1-baseline,transactions.csv,605,TX-RI-BR,MISSING_DIM,branch_id not found in dim_branch,"{""transaction_id"": ""T0856"", ""account_id"": ""A0094"", ""product_id"": ""P091"", ""branch_id"": ""B950"", ""date"": ""2026-09-03"", ""timestamp"": ""2025-08-05 12:48:00"", ""amount"": ""43192"", ""payment_method"": ""Card"", ""status"": ""Failed"", ""currency"": ""INR"", ""remarks"": ""Salary Credit"", ""is_refund"": ""0""}"
transactions,day1-baseline,transactions.csv,609,TX-RI-BR,MISSING_DIM,branch_id not found in dim_branch,"{""transaction_id"": ""T0330"", ""account_id"": ""A0068"", ""product_id"": ""P028"", ""branch_id"": ""B002"", ""date"": ""07-01-2026"", ""timestamp"": ""2026-01-07 08:30:00"", ""amount"": ""121841"", ""payment_method"": ""NetBanking"", ""status"": ""pending"", ""currency"": ""INR"", ""remarks"": ""Bill Payment"", ""is_refund"": ""False""}"
transactions,day1-baseline,transactions.csv,631,TX-RI-BR,MISSING_DIM,branch_id not found in dim_branch,"{""transaction_id"": ""T0157"", ""account_id"": ""A0149"", ""product_id"": ""P085"", ""branch_id"": ""B975"", ""date"": ""2025-09-13"", ""timestamp"": ""2026-03-17 17:54:00"", ""amount"": ""14814"", ""payment_method"": ""UPI"", ""status"": ""Pending"", ""currency"": ""INR"", ""remarks"": ""Salary Credit"", ""is_refund"": ""N""}"
transactions,day1-baseline,transactions.csv,653,TX-RI-BR,MISSING_DIM,branch_id not found in dim_branch,"{""transaction_id"": ""T0735"", ""account_id"": ""A0011"", ""product_id"": ""P018"", ""branch_id"": ""B900"", ""date"": ""2025-10-09"", ""timestamp"": ""2025-10-09 17:21:00"", ""amount"": ""51196"", ""payment_method"": ""Cheque"", ""status"": ""Success"", ""currency"": ""INR"", ""remarks"": ""Salary Credit"", ""is_refund"": """"}"
transactions,day1-baseline,transactions.csv,655,TX-RI-BR,MISSING_DIM,branch_id not found in dim_branch,"{""transaction_id"": ""T0554"", ""account_id"": ""A0135"", ""product_id"": ""P016"", ""branch_id"": ""B967"", ""date"": ""2026-08-04"", ""timestamp"": ""2025-11-30 07:30:00"", ""amount"": ""175378"", ""payment_method"": ""UPI"", ""status"": ""Success"", ""currency"": ""INR"", ""remarks"": ""Online Purchase"", ""is_refund"": ""False""}"
transactions,day1-baseline,transactions.csv,676,TX-RI-BR,MISSING_DIM,branch_id not found in dim_branch,"{""transaction_id"": ""T0043"", ""account_id"": ""A2195"", ""product_id"": ""P095"", ""branch_id"": ""B002"", ""date"": ""06/26/2026"", ""timestamp"": ""2026-06-26 11:07:00"", ""amount"": ""74479"", ""payment_method"": ""NetBanking"", ""status"": ""Failed"", ""currency"": ""INR"", ""remarks"": ""ATM Withdrawal"", ""is_refund"": ""False""}"
transactions,day1-baseline,transactions.csv,708,TX-RI-BR,MISSING_DIM,branch_id not found in dim_branch,"{""transaction_id"": ""T0366"", ""account_id"": ""A0058"", ""product_id"": ""P008"", ""branch_id"": ""B051"", ""date"": ""2026-07-16"", ""timestamp"": ""2026-07-16 04:09:00"", ""amount"": ""159739"", ""payment_method"": ""Card"", ""status"": ""Pending"", ""currency"": ""INR"", ""remarks"": """", ""is_refund"": ""False""}"
transactions,day1-baseline,transactions.csv,725,TX-RI-BR,MISSING_DIM,branch_id not found in dim_branch,"{""transaction_id"": ""T0482"", ""account_id"": ""A2191"", ""product_id"": ""P034"", ""branch_id"": ""B920"", ""date"": ""2026-07-15"", ""timestamp"": ""2026-07-15 08:51:00"", ""amount"": ""127969"", ""payment_method"": ""Card"", ""status"": ""Pending"", ""currency"": ""INR"", ""remarks"": ""EMI Payment"", ""is_refund"": ""False""}"
transactions,day1-baseline,transactions.csv,729,TX-RI-BR,MISSING_DIM,branch_id not found in dim_branch,"{""transaction_id"": ""T0361"", ""account_id"": ""A0063"", ""product_id"": ""P023"", ""branch_id"": ""B976"", ""date"": ""2026-05-31"", ""timestamp"": ""2026-05-31 16:55:00"", ""amount"": ""51102"", ""payment_method"": ""Card"", ""status"": ""Pending"", ""currency"": ""INR"", ""remarks"": ""Salary Credit"", ""is_refund"": ""True""}"
transactions,day1-baseline,transactions.csv,733,TX-RI-BR,MISSING_DIM,branch_id not found in dim_branch,"{""transaction_id"": ""T0745"", ""account_id"": ""A0148"", ""product_id"": ""P074"", ""branch_id"": ""B951"", ""date"": ""2026-05-05"", ""timestamp"": ""2026-05-05 00:53:00"", ""amount"": ""143201"", ""payment_method"": ""Cash"", ""status"": ""Failed"", ""currency"": ""INR"", ""remarks"": ""Fund Transfer"", ""is_refund"": ""N""}"
transactions,day1-baseline,transactions.csv,750,TX-RI-BR,MISSING_DIM,branch_id not found in dim_branch,"{""transaction_id"": ""T0136"", ""account_id"": ""A0061"", ""product_id"": ""P035"", ""branch_id"": ""B051"", ""date"": ""2026-02-03"", ""timestamp"": ""2026-02-03 02:05:00"", ""amount"": ""16803"", ""payment_method"": ""NetBanking"", ""status"": ""Failed"", ""currency"": ""INR"", ""remarks"": ""Salary Credit"", ""is_refund"": ""0""}"
transactions,day1-baseline,transactions.csv,753,TX-RI-BR,MISSING_DIM,branch_id not found in dim_branch,"{""transaction_id"": ""T0086"", ""account_id"": ""A0162"", ""product_id"": ""P065"", ""branch_id"": ""B915"", ""date"": ""2026-09-12"", ""timestamp"": ""2026-09-12 22:14:00"", ""amount"": ""81090"", ""payment_method"": ""Cash"", ""status"": ""pending"", ""currency"": ""INR"", ""remarks"": ""Bill Payment"", ""is_refund"": ""1""}"
transactions,day1-baseline,transactions.csv,813,TX-RI-BR,MISSING_DIM,branch_id not found in dim_branch,"{""transaction_id"": ""T0665"", ""account_id"": ""A0134"", ""product_id"": ""P071"", ""branch_id"": ""B927"", ""date"": ""17-03-2026"", ""timestamp"": ""2026-03-17 09:04:00"", ""amount"": ""19376"", ""payment_method"": ""Card"", ""status"": ""Pending"", ""currency"": ""INR"", ""remarks"": ""EMI Payment"", ""is_refund"": ""False""}"
transactions,day1-baseline,transactions.csv,825,TX-RI-BR,MISSING_DIM,branch_id not found in dim_branch,"{""transaction_id"": ""T0066"", ""account_id"": ""A0121"", ""product_id"": ""P033"", ""branch_id"": ""B972"", ""date"": ""2025-09-08"", ""timestamp"": ""2026-02-24 14:26:00"", ""amount"": ""45379"", ""payment_method"": ""Card"", ""status"": ""Failed"", ""currency"": ""INR"", ""remarks"": """", ""is_refund"": """"}"
transactions,day1-baseline,transactions.csv,846,TX-RI-BR,MISSING_DIM,branch_id not found in dim_branch,"{""transaction_id"": ""T0168"", ""account_id"": ""A2198"", ""product_id"": ""P016"", ""branch_id"": ""B904"", ""date"": ""09/17/2025"", ""timestamp"": ""2025-09-17 10:36:00"", ""amount"": ""165608"", ""payment_method"": ""NetBanking"", ""status"": ""pending"", ""currency"": ""INR"", ""remarks"": ""Salary Credit"", ""is_refund"": ""False""}"
transactions,day1-baseline,transactions.csv,849,TX-RI-BR,MISSING_DIM,branch_id not found in dim_branch,"{""transaction_id"": ""T0448"", ""account_id"": ""A0124"", ""product_id"": ""P015"", ""branch_id"": ""B002"", ""date"": ""2026-03-16"", ""timestamp"": ""2026-08-09 12:27:00"", ""amount"": ""184170"", ""payment_method"": ""netbanking"", ""status"": ""Success"", ""currency"": ""EUR"", ""remarks"": ""ATM Withdrawal"", ""is_refund"": ""False""}"
transactions,day1-baseline,transactions.csv,852,TX-RI-BR,MISSING_DIM,branch_id not found in dim_branch,"{""transaction_id"": ""T0187"", ""account_id"": ""A2200"", ""product_id"": ""P067"", ""branch_id"": ""B051"", ""date"": ""2025-12-02"", ""timestamp"": ""2025-12-02 17:42:00"", ""amount"": ""100845"", ""payment_method"": ""UPI"", ""status"": ""Pending"", ""currency"": ""INR"", ""remarks"": ""Online Purchase"", ""is_refund"": ""0""}"
transactions,day1-baseline,transactions.csv,866,TX-RI-BR,MISSING_DIM,branch_id not found in dim_branch,"{""transaction_id"": ""T0077"", ""account_id"": ""A0054"", ""product_id"": ""P032"", ""branch_id"": ""B002"", ""date"": ""2026-04-20"", ""timestamp"": ""2026-04-20 18:46:00"", ""amount"": ""116395"", ""payment_method"": ""Cash"", ""status"": ""Pending"", ""currency"": ""INR"", ""remarks"": ""EMI Payment"", ""is_refund"": ""N""}"
transactions,day1-baseline,transactions.csv,928,TX-RI-BR,MISSING_DIM,branch_id not found in dim_branch,"{""transaction_id"": ""T0223"", ""account_id"": ""A0096"", ""product_id"": ""P073"", ""branch_id"": ""B002"", ""date"": ""2026-04-08"", ""timestamp"": ""2026-04-08 17:22:00"", ""amount"": ""96447"", ""payment_method"": ""Cash"", ""status"": ""Pending"", ""currency"": ""INR"", ""remarks"": ""Bill Payment"", ""is_refund"": ""N""}"
transactions,day2-incremental,transactions_2.csv,10,TX-AMT-BLANK,AMOUNT_BLANK,amount blank or not numeric,"{""transaction_id"": ""T9065"", ""account_id"": ""A6238"", ""product_id"": ""P083"", ""branch_id"": ""B067"", ""date"": ""2026-10-01"", ""timestamp"": ""2026-10-01 06:00:00"", ""amount"": """", ""payment_method"": ""Card"", ""status"": ""Pending"", ""currency"": ""INR"", ""remarks"": ""Fund Transfer"", ""is_refund"": ""False""}"
transactions,day2-incremental,transactions_2.csv,112,TX-AMT-BLANK,AMOUNT_BLANK,amount blank or not numeric,"{""transaction_id"": ""T9056"", ""account_id"": ""A0147"", ""product_id"": ""P019"", ""branch_id"": ""B021"", ""date"": ""2026-09-30"", ""timestamp"": ""2026-09-30 16:27:00"", ""amount"": """", ""payment_method"": ""Cash"", ""status"": ""Failed"", ""currency"": ""INR"", ""remarks"": ""EMI Payment"", ""is_refund"": ""N""}"
transactions,day2-incremental,transactions_2.csv,129,TX-AMT-BLANK,AMOUNT_BLANK,amount blank or not numeric,"{""transaction_id"": ""T9175"", ""account_id"": ""A0004"", ""product_id"": ""P006"", ""branch_id"": ""B020"", ""date"": ""2026-10-01"", ""timestamp"": ""2026-10-01 08:18:00"", ""amount"": """", ""payment_method"": ""Cash"", ""status"": ""Failed"", ""currency"": ""INR"", ""remarks"": ""Salary Credit"", ""is_refund"": ""N""}"
transactions,day2-incremental,transactions_2.csv,4,TX-AMT-ZERO,AMOUNT_ZERO,amount is zero,"{""transaction_id"": ""T9091"", ""account_id"": ""A6234"", ""product_id"": ""P300"", ""branch_id"": ""B077"", ""date"": ""2026-10-01"", ""timestamp"": ""2026-10-01 01:23:00"", ""amount"": ""0"", ""payment_method"": ""Cash"", ""status"": ""SUCCESS"", ""currency"": ""INR"", ""remarks"": """", ""is_refund"": ""False""}"
transactions,day2-incremental,transactions_2.csv,63,TX-AMT-ZERO,AMOUNT_ZERO,amount is zero,"{""transaction_id"": ""T9032"", ""account_id"": ""A5227"", ""product_id"": ""P014"", ""branch_id"": ""B007"", ""date"": ""30-09-2026"", ""timestamp"": ""2026-09-30 07:22:00"", ""amount"": ""0"", ""payment_method"": ""NetBanking"", ""status"": ""Success"", ""currency"": ""INR"", ""remarks"": ""ATM Withdrawal"", ""is_refund"": ""0""}"
transactions,day2-incremental,transactions_2.csv,74,TX-AMT-ZERO,AMOUNT_ZERO,amount is zero,"{""transaction_id"": ""T9041"", ""account_id"": ""A1184"", ""product_id"": ""P503"", ""branch_id"": ""B025"", ""date"": ""09/30/2026"", ""timestamp"": ""2026-09-30 07:02:00"", ""amount"": ""0"", ""payment_method"": ""Cash"", ""status"": ""Success"", ""currency"": ""INR"", ""remarks"": ""Salary Credit"", ""is_refund"": ""False""}"
transactions,day2-incremental,transactions_2.csv,126,TX-AMT-ZERO,AMOUNT_ZERO,amount is zero,"{""transaction_id"": ""T9075"", ""account_id"": ""A0068"", ""product_id"": ""P083"", ""branch_id"": ""B938"", ""date"": ""2026-10-01"", ""timestamp"": ""2026-10-01 10:05:00"", ""amount"": ""0"", ""payment_method"": ""Cash"", ""status"": ""Failed"", ""currency"": ""INR"", ""remarks"": ""Fund Transfer"", ""is_refund"": ""True""}"
transactions,day2-incremental,transactions_2.csv,199,TX-AMT-ZERO,AMOUNT_ZERO,amount is zero,"{""transaction_id"": ""T9097"", ""account_id"": ""A4721"", ""product_id"": ""P022"", ""branch_id"": ""B005"", ""date"": ""2026-10-01"", ""timestamp"": ""2026-09-30 05:48:00"", ""amount"": ""0"", ""payment_method"": ""NetBanking"", ""status"": ""Failed"", ""currency"": ""INR"", ""remarks"": ""Salary Credit"", ""is_refund"": ""Y""}"
transactions,day2-incremental,transactions_2.csv,35,TX-AMT-NEG,AMOUNT_NEGATIVE,amount is negative,"{""transaction_id"": ""T9084"", ""account_id"": ""A0053"", ""product_id"": ""P402"", ""branch_id"": ""B068"", ""date"": ""2026-10-01"", ""timestamp"": ""2026-09-30 09:33:00"", ""amount"": ""-112836"", ""payment_method"": ""Card"", ""status"": ""Failed"", ""currency"": ""INR"", ""remarks"": ""Online Purchase"", ""is_refund"": ""0""}"
transactions,day2-incremental,transactions_2.csv,119,TX-AMT-NEG,AMOUNT_NEGATIVE,amount is negative,"{""transaction_id"": ""T9144"", ""account_id"": ""A4215"", ""product_id"": ""P001"", ""branch_id"": ""B496"", ""date"": ""09/30/2026"", ""timestamp"": ""2026-09-30 01:41:00"", ""amount"": ""-188621"", ""payment_method"": ""Card"", ""status"": ""Pending"", ""currency"": ""INR"", ""remarks"": ""Salary Credit"", ""is_refund"": ""0""}"
transactions,day2-incremental,transactions_2.csv,128,TX-AMT-NEG,AMOUNT_NEGATIVE,amount is negative,"{""transaction_id"": ""T9025"", ""account_id"": ""A0067"", ""product_id"": ""P032"", ""branch_id"": ""B069"", ""date"": ""2026-10-01"", ""timestamp"": ""2026-09-30 07:35:00"", ""amount"": ""-21390"", ""payment_method"": ""NetBanking"", ""status"": ""Failed"", ""currency"": ""INR"", ""remarks"": ""Fund Transfer"", ""is_refund"": """"}"
transactions,day2-incremental,transactions_2.csv,11,TX-FUT-DATE,FUTURE_DATE,date column after run date,"{""transaction_id"": ""T9113"", ""account_id"": ""A0080"", ""product_id"": ""P094"", ""branch_id"": ""B066"", ""date"": ""2027-01-14"", ""timestamp"": ""2026-10-01 15:59:00"", ""amount"": ""6227"", ""payment_method"": ""NetBanking"", ""status"": ""Failed"", ""currency"": ""INR"", ""remarks"": ""Fund Transfer"", ""is_refund"": ""False""}"
transactions,day2-incremental,transactions_2.csv,57,TX-FUT-DATE,FUTURE_DATE,date column after run date,"{""transaction_id"": ""T9130"", ""account_id"": ""A0145"", ""product_id"": ""P401"", ""branch_id"": ""B181"", ""date"": ""2027-02-20"", ""timestamp"": ""2026-09-30 07:50:00"", ""amount"": ""80596"", ""payment_method"": ""Card"", ""status"": ""Success"", ""currency"": ""INR"", ""remarks"": ""Salary Credit"", ""is_refund"": ""False""}"
transactions,day2-incremental,transactions_2.csv,84,TX-FUT-DATE,FUTURE_DATE,date column after run date,"{""transaction_id"": ""T9103"", ""account_id"": ""A3207"", ""product_id"": ""P002"", ""branch_id"": ""B289"", ""date"": ""2027-04-17"", ""timestamp"": ""2026-10-01 15:07:00"", ""amount"": ""7552"", ""payment_method"": ""Cash"", ""status"": ""Success"", ""currency"": ""INR"", ""remarks"": ""Bill Payment"", ""is_refund"": ""False""}"
transactions,day2-incremental,transactions_2.csv,102,TX-FUT-DATE,FUTURE_DATE,date column after run date,"{""transaction_id"": ""T0793"", ""account_id"": ""A0035"", ""product_id"": ""P080"", ""branch_id"": ""B054"", ""date"": ""2027-02-12"", ""timestamp"": ""2025-09-16 20:14:00"", ""amount"": ""135068"", ""payment_method"": ""UPI"", ""status"": ""Failed"", ""currency"": ""INR"", ""remarks"": ""ATM Withdrawal [late correction]"", ""is_refund"": ""False""}"
transactions,day2-incremental,transactions_2.csv,116,TX-FUT-DATE,FUTURE_DATE,date column after run date,"{""transaction_id"": ""T9139"", ""account_id"": ""A0070"", ""product_id"": ""P077"", ""branch_id"": ""B025"", ""date"": ""2027-01-18"", ""timestamp"": ""2026-09-30 18:24:00"", ""amount"": ""158070"", ""payment_method"": ""UPI"", ""status"": ""Failed"", ""currency"": ""INR"", ""remarks"": ""Online Purchase"", ""is_refund"": ""False""}"
transactions,day2-incremental,transactions_2.csv,85,TX-DUP,DUPLICATE_RECORD,exact duplicate of an earlier row,"{""transaction_id"": ""T9078"", ""account_id"": ""A0069"", ""product_id"": ""P093"", ""branch_id"": ""B045"", ""date"": ""2026-09-30"", ""timestamp"": ""2026-09-30 02:08:00"", ""amount"": ""36441"", ""payment_method"": ""UPI"", ""status"": ""Failed"", ""currency"": ""INR"", ""remarks"": """", ""is_refund"": """"}"
transactions,day2-incremental,transactions_2.csv,104,TX-DUP,DUPLICATE_RECORD,exact duplicate of an earlier row,"{""transaction_id"": ""T9089"", ""account_id"": ""A0116"", ""product_id"": ""P042"", ""branch_id"": ""B028"", ""date"": ""30/09/2026"", ""timestamp"": ""2026-09-30 08:32:00"", ""amount"": ""52482"", ""payment_method"": ""Card"", ""status"": ""Pending"", ""currency"": ""INR"", ""remarks"": """", ""is_refund"": ""False""}"
transactions,day2-incremental,transactions_2.csv,132,TX-DUP,DUPLICATE_RECORD,exact duplicate of an earlier row,"{""transaction_id"": ""T9154"", ""account_id"": ""A5222"", ""product_id"": ""P018"", ""branch_id"": ""B027"", ""date"": ""2026-09-30"", ""timestamp"": ""2026-10-01 04:30:00"", ""amount"": ""51144"", ""payment_method"": ""Cash"", ""status"": ""Failed"", ""currency"": ""INR"", ""remarks"": ""Bill Payment"", ""is_refund"": ""False""}"
transactions,day2-incremental,transactions_2.csv,196,TX-DUP,DUPLICATE_RECORD,exact duplicate of an earlier row,"{""transaction_id"": ""T9125"", ""account_id"": ""A5225"", ""product_id"": ""P052"", ""branch_id"": ""B001"", ""date"": ""01/10/2026"", ""timestamp"": ""2026-10-01 22:58:00"", ""amount"": ""47753"", ""payment_method"": ""Card"", ""status"": ""Success"", ""currency"": ""INR"", ""remarks"": ""ATM Withdrawal"", ""is_refund"": ""False""}"
transactions,day2-incremental,transactions_2.csv,8,TX-CONFLICT,CONFLICTING_DUPLICATE,same business key with different non-null values,"{""transaction_id"": ""T9125"", ""account_id"": ""A5225"", ""product_id"": ""P052"", ""branch_id"": ""B001"", ""date"": ""01/10/2026"", ""timestamp"": ""2026-10-01 22:58:00"", ""amount"": ""47753"", ""payment_method"": ""Card"", ""status"": ""Success"", ""currency"": ""INR"", ""remarks"": ""ATM Withdrawal"", ""is_refund"": ""False""}"
transactions,day2-incremental,transactions_2.csv,20,TX-CONFLICT,CONFLICTING_DUPLICATE,same business key with different non-null values,"{""transaction_id"": ""T9093"", ""account_id"": ""A0072"", ""product_id"": ""P611"", ""branch_id"": ""B078"", ""date"": ""2026-10-01"", ""timestamp"": ""2026-09-30 17:06:00"", ""amount"": ""82197"", ""payment_method"": ""Card"", ""status"": ""Pending"", ""currency"": ""INR"", ""remarks"": ""EMI Payment"", ""is_refund"": ""N""}"
transactions,day2-incremental,transactions_2.csv,43,TX-CONFLICT,CONFLICTING_DUPLICATE,same business key with different non-null values,"{""transaction_id"": ""T9129"", ""account_id"": ""A0091"", ""product_id"": ""P057"", ""branch_id"": ""B052"", ""date"": ""2026-09-30"", ""timestamp"": ""2026-10-01 22:24:00"", ""amount"": ""113951"", ""payment_method"": ""UPI"", ""status"": ""Failed"", ""currency"": ""INR"", ""remarks"": ""Bill Payment"", ""is_refund"": ""False""}"
transactions,day2-incremental,transactions_2.csv,48,TX-CONFLICT,CONFLICTING_DUPLICATE,same business key with different non-null values,"{""transaction_id"": ""T9125"", ""account_id"": ""A5225"", ""product_id"": ""P052"", ""branch_id"": ""B001"", ""date"": ""01/10/2026"", ""timestamp"": ""2026-10-01 22:58:00"", ""amount"": ""26116"", ""payment_method"": ""Card"", ""status"": ""Failed"", ""currency"": ""INR"", ""remarks"": ""ATM Withdrawal"", ""is_refund"": ""False""}"
transactions,day2-incremental,transactions_2.csv,90,TX-CONFLICT,CONFLICTING_DUPLICATE,same business key with different non-null values,"{""transaction_id"": ""T9093"", ""account_id"": ""A0072"", ""product_id"": ""P611"", ""branch_id"": ""B078"", ""date"": ""2026-10-01"", ""timestamp"": ""2026-09-30 17:06:00"", ""amount"": ""107660"", ""payment_method"": ""Card"", ""status"": ""Pending"", ""currency"": ""INR"", ""remarks"": ""EMI Payment"", ""is_refund"": ""N""}"
transactions,day2-incremental,transactions_2.csv,105,TX-CONFLICT,CONFLICTING_DUPLICATE,same business key with different non-null values,"{""transaction_id"": ""T9129"", ""account_id"": ""A0091"", ""product_id"": ""P057"", ""branch_id"": ""B052"", ""date"": ""2026-09-30"", ""timestamp"": ""2026-10-01 22:24:00"", ""amount"": ""12115"", ""payment_method"": ""UPI"", ""status"": ""Success"", ""currency"": ""INR"", ""remarks"": ""Bill Payment"", ""is_refund"": ""False""}"
transactions,day2-incremental,transactions_2.csv,18,TX-RI-ACCT,MISSING_DIM,account_id not found in dim_customer,"{""transaction_id"": ""T9160"", ""account_id"": ""A4215"", ""product_id"": ""P986"", ""branch_id"": ""B002"", ""date"": ""2026-09-30"", ""timestamp"": ""2026-09-30 04:58:00"", ""amount"": ""166110"", ""payment_method"": ""Cheque"", ""status"": ""Success"", ""currency"": ""INR"", ""remarks"": ""EMI Payment"", ""is_refund"": ""False""}"
transactions,day2-incremental,transactions_2.csv,21,TX-RI-ACCT,MISSING_DIM,account_id not found in dim_customer,"{""transaction_id"": ""T9108"", ""account_id"": ""A9023"", ""product_id"": ""P011"", ""branch_id"": ""B066"", ""date"": ""2026-09-30"", ""timestamp"": ""2026-09-30 15:58:00"", ""amount"": ""2816"", ""payment_method"": ""UPI"", ""status"": ""Success"", ""currency"": ""INR"", ""remarks"": ""Bill Payment"", ""is_refund"": ""False""}"
transactions,day2-incremental,transactions_2.csv,40,TX-RI-ACCT,MISSING_DIM,account_id not found in dim_customer,"{""transaction_id"": ""T9017"", ""account_id"": ""A9917"", ""product_id"": ""P059"", ""branch_id"": ""B013"", ""date"": ""09/30/2026"", ""timestamp"": ""2026-09-30 09:25:00"", ""amount"": ""52000"", ""payment_method"": ""Card"", ""status"": ""Failed"", ""currency"": ""INR"", ""remarks"": ""EMI Payment"", ""is_refund"": ""False""}"
transactions,day2-incremental,transactions_2.csv,55,TX-RI-ACCT,MISSING_DIM,account_id not found in dim_customer,"{""transaction_id"": ""T9170"", ""account_id"": ""A9828"", ""product_id"": ""P082"", ""branch_id"": ""B926"", ""date"": ""2026/09/30"", ""timestamp"": ""2026-09-30 12:50:00"", ""amount"": ""50745"", ""payment_method"": ""Card"", ""status"": ""Success"", ""currency"": ""INR"", ""remarks"": ""Salary Credit"", ""is_refund"": ""False""}"
transactions,day2-incremental,transactions_2.csv,82,TX-RI-ACCT,MISSING_DIM,account_id not found in dim_customer,"{""transaction_id"": ""T0824"", ""account_id"": ""A9598"", ""product_id"": ""P017"", ""branch_id"": ""B390"", ""date"": ""2025-07-16"", ""timestamp"": ""2025-07-16 23:26:00"", ""amount"": ""149565"", ""payment_method"": ""Cash"", ""status"": ""Success"", ""currency"": ""EUR"", ""remarks"": ""Online Purchase [late correction]"", ""is_refund"": ""True""}"
transactions,day2-incremental,transactions_2.csv,98,TX-RI-ACCT,MISSING_DIM,account_id not found in dim_customer,"{""transaction_id"": ""T9035"", ""account_id"": ""A9227"", ""product_id"": ""P061"", ""branch_id"": ""B393"", ""date"": ""2026-09-30"", ""timestamp"": ""2026-09-30 07:29:00"", ""amount"": ""146857"", ""payment_method"": ""NetBanking"", ""status"": ""Success"", ""currency"": ""INR"", ""remarks"": ""Salary Credit"", ""is_refund"": ""0""}"
transactions,day2-incremental,transactions_2.csv,146,TX-RI-ACCT,MISSING_DIM,account_id not found in dim_customer,"{""transaction_id"": ""T9100"", ""account_id"": ""A9695"", ""product_id"": ""P076"", ""branch_id"": ""B598"", ""date"": ""2026-09-30"", ""timestamp"": ""2026-10-01 04:30:00"", ""amount"": ""95346"", ""payment_method"": ""netbanking"", ""status"": ""Failed"", ""currency"": ""INR"", ""remarks"": ""EMI Payment"", ""is_refund"": ""False""}"
transactions,day2-incremental,transactions_2.csv,25,TX-RI-PROD,MISSING_DIM,product_id not found in dim_product,"{""transaction_id"": ""T9142"", ""account_id"": ""A0160"", ""product_id"": ""P978"", ""branch_id"": ""B023"", ""date"": ""01/10/2026"", ""timestamp"": ""2026-10-01 08:50:00"", ""amount"": ""130469"", ""payment_method"": ""UPI"", ""status"": ""Pending"", ""currency"": ""INR"", ""remarks"": ""Online Purchase"", ""is_refund"": ""0""}"
transactions,day2-incremental,transactions_2.csv,31,TX-RI-PROD,MISSING_DIM,product_id not found in dim_product,"{""transaction_id"": ""T9166"", ""account_id"": ""A0148"", ""product_id"": ""P300"", ""branch_id"": ""B031"", ""date"": ""2026-09-30"", ""timestamp"": ""2026-09-30 05:33:00"", ""amount"": ""43688"", ""payment_method"": ""UPI"", ""status"": ""Pending"", ""currency"": ""INR"", ""remarks"": ""Online Purchase"", ""is_refund"": """"}"
transactions,day2-incremental,transactions_2.csv,94,TX-RI-PROD,MISSING_DIM,product_id not found in dim_product,"{""transaction_id"": ""T9094"", ""account_id"": ""A0043"", ""product_id"": ""P002"", ""branch_id"": ""B041"", ""date"": ""2026-09-30"", ""timestamp"": ""2026-09-30 18:01:00"", ""amount"": ""72529"", ""payment_method"": ""Card"", ""status"": ""Failed"", ""currency"": ""INR"", ""remarks"": ""Fund Transfer"", ""is_refund"": ""False""}"
transactions,day2-incremental,transactions_2.csv,96,TX-RI-PROD,MISSING_DIM,product_id not found in dim_product,"{""transaction_id"": ""T9151"", ""account_id"": ""A0162"", ""product_id"": ""P945"", ""branch_id"": ""B012"", ""date"": ""2026/10/01"", ""timestamp"": ""2026-10-01 10:34:00"", ""amount"": ""21087"", ""payment_method"": ""Cash"", ""status"": ""Failed"", ""currency"": ""INR"", ""remarks"": """", ""is_refund"": ""False""}"
transactions,day2-incremental,transactions_2.csv,125,TX-RI-PROD,MISSING_DIM,product_id not found in dim_product,"{""transaction_id"": ""T9107"", ""account_id"": ""A0075"", ""product_id"": ""P063"", ""branch_id"": ""B062"", ""date"": ""10/01/2026"", ""timestamp"": ""2026-09-30 07:34:00"", ""amount"": ""148700"", ""payment_method"": ""Cash"", ""status"": ""Failed"", ""currency"": ""INR"", ""remarks"": ""Online Purchase"", ""is_refund"": ""N""}"
transactions,day2-incremental,transactions_2.csv,130,TX-RI-PROD,MISSING_DIM,product_id not found in dim_product,"{""transaction_id"": ""T9072"", ""account_id"": ""A0016"", ""product_id"": ""P964"", ""branch_id"": ""B289"", ""date"": ""2026-09-30"", ""timestamp"": ""2026-10-01 17:36:00"", ""amount"": ""188658"", ""payment_method"": ""Card"", ""status"": ""Pending"", ""currency"": ""INR"", ""remarks"": ""EMI Payment"", ""is_refund"": ""N""}"
transactions,day2-incremental,transactions_2.csv,133,TX-RI-PROD,MISSING_DIM,product_id not found in dim_product,"{""transaction_id"": ""T9040"", ""account_id"": ""A0038"", ""product_id"": ""P922"", ""branch_id"": ""B047"", ""date"": ""2026-10-01"", ""timestamp"": ""2026-10-01 12:00:00"", ""amount"": ""43007"", ""payment_method"": ""Card"", ""status"": ""Pending"", ""currency"": ""INR"", ""remarks"": ""ATM Withdrawal"", ""is_refund"": ""N""}"
transactions,day2-incremental,transactions_2.csv,136,TX-RI-PROD,MISSING_DIM,product_id not found in dim_product,"{""transaction_id"": ""T9119"", ""account_id"": ""A7251"", ""product_id"": ""P997"", ""branch_id"": ""B289"", ""date"": ""2026-09-30"", ""timestamp"": ""2026-09-30 00:31:00"", ""amount"": ""20648"", ""payment_method"": ""NetBanking"", ""status"": ""Failed"", ""currency"": ""INR"", ""remarks"": """", ""is_refund"": ""False""}"
transactions,day2-incremental,transactions_2.csv,139,TX-RI-PROD,MISSING_DIM,product_id not found in dim_product,"{""transaction_id"": ""T9037"", ""account_id"": ""A0121"", ""product_id"": ""P908"", ""branch_id"": ""B285"", ""date"": ""2026-09-30"", ""timestamp"": ""2026-09-30 13:29:00"", ""amount"": ""63569"", ""payment_method"": ""Card "", ""status"": ""Pending"", ""currency"": ""INR"", ""remarks"": ""Fund Transfer"", ""is_refund"": ""False""}"
transactions,day2-incremental,transactions_2.csv,151,TX-RI-PROD,MISSING_DIM,product_id not found in dim_product,"{""transaction_id"": ""T9172"", ""account_id"": ""A0086"", ""product_id"": ""P063"", ""branch_id"": ""B067"", ""date"": ""2026-10-01"", ""timestamp"": ""2026-10-01 23:31:00"", ""amount"": ""27848"", ""payment_method"": ""Card"", ""status"": ""Success"", ""currency"": ""INR"", ""remarks"": """", ""is_refund"": ""N""}"
transactions,day2-incremental,transactions_2.csv,157,TX-RI-PROD,MISSING_DIM,product_id not found in dim_product,"{""transaction_id"": ""T9110"", ""account_id"": ""A0132"", ""product_id"": ""P300"", ""branch_id"": ""B494"", ""date"": ""2026-09-30"", ""timestamp"": ""2026-09-30 07:37:00"", ""amount"": ""93397"", ""payment_method"": ""NetBanking"", ""status"": ""Success"", ""currency"": ""INR"", ""remarks"": ""Online Purchase"", ""is_refund"": ""False""}"
transactions,day2-incremental,transactions_2.csv,159,TX-RI-PROD,MISSING_DIM,product_id not found in dim_product,"{""transaction_id"": ""T9002"", ""account_id"": ""A4719"", ""product_id"": ""P970"", ""branch_id"": ""B497"", ""date"": ""01/10/2026"", ""timestamp"": ""2026-09-30 23:51:00"", ""amount"": ""88193"", ""payment_method"": ""UPI"", ""status"": ""Pending"", ""currency"": ""INR"", ""remarks"": ""Salary Credit"", ""is_refund"": ""False""}"
transactions,day2-incremental,transactions_2.csv,161,TX-RI-PROD,MISSING_DIM,product_id not found in dim_product,"{""transaction_id"": ""T9022"", ""account_id"": ""A2195"", ""product_id"": ""P909"", ""branch_id"": ""B043"", ""date"": ""30/09/2026"", ""timestamp"": ""2026-09-30 03:54:00"", ""amount"": ""53078"", ""payment_method"": ""Cash"", ""status"": ""Success"", ""currency"": ""INR"", ""remarks"": ""Online Purchase"", ""is_refund"": ""True""}"
transactions,day2-incremental,transactions_2.csv,166,TX-RI-PROD,MISSING_DIM,product_id not found in dim_product,"{""transaction_id"": ""T9055"", ""account_id"": ""A0156"", ""product_id"": ""P929"", ""branch_id"": ""B058"", ""date"": ""30-09-2026"", ""timestamp"": ""2026-10-01 17:43:00"", ""amount"": ""38253"", ""payment_method"": ""UPI"", ""status"": ""Failed"", ""currency"": ""INR"", ""remarks"": """", ""is_refund"": """"}"
transactions,day2-incremental,transactions_2.csv,168,TX-RI-PROD,MISSING_DIM,product_id not found in dim_product,"{""transaction_id"": ""T9095"", ""account_id"": ""A0090"", ""product_id"": ""P300"", ""branch_id"": ""B494"", ""date"": ""2026-09-30"", ""timestamp"": ""2026-09-30 21:22:00"", ""amount"": ""91873"", ""payment_method"": ""Cash"", ""status"": ""Pending"", ""currency"": ""INR"", ""remarks"": ""EMI Payment"", ""is_refund"": ""False""}"
transactions,day2-incremental,transactions_2.csv,181,TX-RI-PROD,MISSING_DIM,product_id not found in dim_product,"{""transaction_id"": ""T0504"", ""account_id"": ""A1173"", ""product_id"": ""P300"", ""branch_id"": ""B067"", ""date"": ""01/26/2026"", ""timestamp"": ""2026-05-26 21:42:00"", ""amount"": ""145235"", ""payment_method"": ""NetBanking"", ""status"": ""Failed"", ""currency"": ""INR"", ""remarks"": "" [late correction]"", ""is_refund"": ""False""}"
transactions,day2-incremental,transactions_2.csv,191,TX-RI-PROD,MISSING_DIM,product_id not found in dim_product,"{""transaction_id"": ""T9099"", ""account_id"": ""A0036"", ""product_id"": ""P063"", ""branch_id"": ""B035"", ""date"": ""2026-09-30"", ""timestamp"": ""2026-09-30 16:58:00"", ""amount"": ""146266"", ""payment_method"": ""Card "", ""status"": ""Success"", ""currency"": ""INR"", ""remarks"": ""ATM Withdrawal"", ""is_refund"": ""False""}"
transactions,day2-incremental,transactions_2.csv,200,TX-RI-PROD,MISSING_DIM,product_id not found in dim_product,"{""transaction_id"": ""T9071"", ""account_id"": ""A2199"", ""product_id"": ""P902"", ""branch_id"": ""B008"", ""date"": ""2026-10-01"", ""timestamp"": ""2026-10-01 15:42:00"", ""amount"": ""64265"", ""payment_method"": ""Cash"", ""status"": ""Pending"", ""currency"": ""INR"", ""remarks"": ""Bill Payment"", ""is_refund"": ""False""}"
transactions,day2-incremental,transactions_2.csv,15,TX-RI-BR,MISSING_DIM,branch_id not found in dim_branch,"{""transaction_id"": ""T9168"", ""account_id"": ""A0121"", ""product_id"": ""P033"", ""branch_id"": ""B051"", ""date"": ""2026-10-01"", ""timestamp"": ""2026-10-01 05:59:00"", ""amount"": ""132344"", ""payment_method"": ""Cash"", ""status"": ""Pending"", ""currency"": ""INR"", ""remarks"": ""ATM Withdrawal"", ""is_refund"": """"}"
transactions,day2-incremental,transactions_2.csv,19,TX-RI-BR,MISSING_DIM,branch_id not found in dim_branch,"{""transaction_id"": ""T9090"", ""account_id"": ""A0066"", ""product_id"": ""P001"", ""branch_id"": ""B984"", ""date"": ""2026-10-01"", ""timestamp"": ""2026-10-01 15:00:00"", ""amount"": ""133640"", ""payment_method"": ""Card"", ""status"": ""Failed"", ""currency"": ""INR"", ""remarks"": ""Fund Transfer"", ""is_refund"": ""False""}"
transactions,day2-incremental,transactions_2.csv,24,TX-RI-BR,MISSING_DIM,branch_id not found in dim_branch,"{""transaction_id"": ""T9060"", ""account_id"": ""A5222"", ""product_id"": ""P024"", ""branch_id"": ""B932"", ""date"": ""2026-09-30"", ""timestamp"": ""2026-10-01 07:04:00"", ""amount"": ""91875"", ""payment_method"": ""Card"", ""status"": ""Failed"", ""currency"": ""INR"", ""remarks"": ""ATM Withdrawal"", ""is_refund"": ""False""}"
transactions,day2-incremental,transactions_2.csv,34,TX-RI-BR,MISSING_DIM,branch_id not found in dim_branch,"{""transaction_id"": ""T9046"", ""account_id"": ""A1171"", ""product_id"": ""P024"", ""branch_id"": ""B002"", ""date"": ""2026-09-30"", ""timestamp"": ""2026-09-30 21:28:00"", ""amount"": ""131297"", ""payment_method"": ""NetBanking"", ""status"": ""Pending"", ""currency"": ""INR"", ""remarks"": ""Salary Credit"", ""is_refund"": ""True""}"
transactions,day2-incremental,transactions_2.csv,42,TX-RI-BR,MISSING_DIM,branch_id not found in dim_branch,"{""transaction_id"": ""T9143"", ""account_id"": ""A0076"", ""product_id"": ""P067"", ""branch_id"": ""B996"", ""date"": ""2026-10-01"", ""timestamp"": ""2026-10-01 13:35:00"", ""amount"": ""125102"", ""payment_method"": ""NetBanking"", ""status"": ""Pending"", ""currency"": ""INR"", ""remarks"": ""EMI Payment"", ""is_refund"": ""N""}"
transactions,day2-incremental,transactions_2.csv,56,TX-RI-BR,MISSING_DIM,branch_id not found in dim_branch,"{""transaction_id"": ""T9083"", ""account_id"": ""A0046"", ""product_id"": ""P094"", ""branch_id"": ""B002"", ""date"": ""2026-09-30"", ""timestamp"": ""2026-09-30 02:58:00"", ""amount"": ""186774"", ""payment_method"": ""UPI"", ""status"": ""Failed"", ""currency"": ""INR"", ""remarks"": """", ""is_refund"": ""True""}"
transactions,day2-incremental,transactions_2.csv,77,TX-RI-BR,MISSING_DIM,branch_id not found in dim_branch,"{""transaction_id"": ""T9043"", ""account_id"": ""A2188"", ""product_id"": ""P507"", ""branch_id"": ""B968"", ""date"": ""01-10-2026"", ""timestamp"": ""2026-09-30 01:26:00"", ""amount"": ""25461"", ""payment_method"": ""NetBanking"", ""status"": ""Success"", ""currency"": ""INR"", ""remarks"": ""Fund Transfer"", ""is_refund"": ""Y""}"
transactions,day2-incremental,transactions_2.csv,108,TX-RI-BR,MISSING_DIM,branch_id not found in dim_branch,"{""transaction_id"": ""T9019"", ""account_id"": ""A0018"", ""product_id"": ""P045"", ""branch_id"": ""B987"", ""date"": ""2026-09-30"", ""timestamp"": ""2026-09-30 19:07:00"", ""amount"": ""9114"", ""payment_method"": ""Cash"", ""status"": ""Failed"", ""currency"": ""INR"", ""remarks"": ""Fund Transfer"", ""is_refund"": ""False""}"
transactions,day2-incremental,transactions_2.csv,148,TX-RI-BR,MISSING_DIM,branch_id not found in dim_branch,"{""transaction_id"": ""T9132"", ""account_id"": ""A0137"", ""product_id"": ""P012"", ""branch_id"": ""B934"", ""date"": ""30/09/2026"", ""timestamp"": ""2026-09-30 11:10:00"", ""amount"": ""147154"", ""payment_method"": ""NetBanking"", ""status"": ""Success"", ""currency"": ""INR"", ""remarks"": ""Salary Credit"", ""is_refund"": ""False""}"
transactions,day2-incremental,transactions_2.csv,150,TX-RI-BR,MISSING_DIM,branch_id not found in dim_branch,"{""transaction_id"": ""T9111"", ""account_id"": ""A0114"", ""product_id"": ""P083"", ""branch_id"": ""B002"", ""date"": ""2026-09-30"", ""timestamp"": ""2026-09-30 06:43:00"", ""amount"": ""172276"", ""payment_method"": ""Card "", ""status"": ""Pending"", ""currency"": ""INR"", ""remarks"": ""Fund Transfer"", ""is_refund"": ""False""}"
transactions,day2-incremental,transactions_2.csv,158,TX-RI-BR,MISSING_DIM,branch_id not found in dim_branch,"{""transaction_id"": ""T9054"", ""account_id"": ""A0078"", ""product_id"": ""P042"", ""branch_id"": ""B918"", ""date"": ""2026-10-01"", ""timestamp"": ""2026-10-01 14:35:00"", ""amount"": ""181267"", ""payment_method"": ""NetBanking"", ""status"": ""Pending"", ""currency"": ""INR"", ""remarks"": ""Bill Payment"", ""is_refund"": """"}"
transactions,day2-incremental,transactions_2.csv,169,TX-RI-BR,MISSING_DIM,branch_id not found in dim_branch,"{""transaction_id"": ""T9026"", ""account_id"": ""A0007"", ""product_id"": ""P071"", ""branch_id"": ""B990"", ""date"": ""2026-10-01"", ""timestamp"": ""2026-09-30 13:38:00"", ""amount"": ""174421"", ""payment_method"": ""UPI"", ""status"": ""Pending"", ""currency"": ""INR"", ""remarks"": ""Fund Transfer"", ""is_refund"": ""False""}"
transactions,day2-incremental,transactions_2.csv,176,TX-RI-BR,MISSING_DIM,branch_id not found in dim_branch,"{""transaction_id"": ""T9068"", ""account_id"": ""A1180"", ""product_id"": ""P053"", ""branch_id"": ""B910"", ""date"": ""2026-09-30"", ""timestamp"": ""2026-09-30 22:54:00"", ""amount"": ""73548"", ""payment_method"": ""Cash"", ""status"": ""Failed"", ""currency"": ""INR"", ""remarks"": ""Fund Transfer"", ""is_refund"": ""False""}"
