transaction_id,account_id,product_id,branch_id,transaction_date,timestamp,amount,payment_method,status,currency,remarks,is_refund,is_correction,dq_flags,customer_sk,product_sk,branch_sk,loaded_batch_id,first_batch_id
T0142,A0060,P013,B003,2025-12-10,2025-12-10 02:07:00,26539,NetBanking,SUCCESS,INR,Bill Payment,False,False,,117,43,3,day1-baseline,day1-baseline
T0367,A2200,P052,B024,2025-09-18,2025-09-18 16:20:00,137689,Card,PENDING,INR,EMI Payment,False,False,,124,61,48,day1-baseline,day1-baseline
T0179,A0028,P001,B011,2025-07-10,2025-07-10 18:28:00,100736,Cash,SUCCESS,INR,,False,False,,215,40,84,day1-baseline,day1-baseline
T0654,A0017,P025,B039,2025-12-27,2025-12-27 20:44:00,15966,Cash,FAILED,INR,Bill Payment,False,False,,225,93,97,day1-baseline,day1-baseline
T0884,A0035,P026,B064,2025-12-21,2025-12-21 10:10:00,105184,UPI,FAILED,INR,EMI Payment,False,False,IS_REFUND_DEFAULTED,197,48,46,day1-baseline,day1-baseline
T0241,A0059,P024,B184,2026-01-25,2026-01-25 23:32:00,26977,Cash,SUCCESS,INR,Fund Transfer,True,False,DATE_RECONCILED_TO_TIMESTAMP,45,91,37,day1-baseline,day1-baseline
T0382,A0048,P086,B004,2026-08-25,2026-08-25 11:57:00,187907,UPI,SUCCESS,INR,Bill Payment,False,False,,162,41,94,day1-baseline,day1-baseline
T0194,A0088,P060,B007,2025-09-26,2025-09-26 21:44:00,23944,NetBanking,SUCCESS,INR,Fund Transfer,False,False,,39,14,54,day1-baseline,day1-baseline
T0572,A0165,P027,B029,2026-02-19,2026-02-19 01:35:00,155330,Cash,SUCCESS,INR,EMI Payment,False,False,IS_REFUND_DEFAULTED,228,9,23,day1-baseline,day1-baseline
T0143,A0022,P016,B033,2026-08-28,2026-08-28 03:03:00,53599,Cash,PENDING,INR,Online Purchase,False,False,DATE_RECONCILED_TO_TIMESTAMP,172,38,8,day1-baseline,day1-baseline
T0742,A0119,P009,B032,2026-09-15,2026-09-15 14:17:00,164969,Cash,FAILED,INR,Salary Credit,False,False,,153,92,2,day1-baseline,day1-baseline
T0129,A0128,P505,B286,2026-08-26,2026-08-26 16:06:00,44290,NetBanking,SUCCESS,INR,,False,False,,26,95,14,day1-baseline,day1-baseline
T0475,A0119,P043,B601,2026-02-07,2026-02-07 13:04:00,147742,NetBanking,FAILED,INR,EMI Payment,False,False,,153,30,21,day1-baseline,day1-baseline
T0270,A6237,P079,B030,2026-03-16,2026-03-16 03:58:00,34594,Card,PENDING,INR,,False,False,DATE_RECONCILED_TO_TIMESTAMP,127,102,62,day1-baseline,day1-baseline
T0065,A0042,P055,B495,2026-07-13,2026-07-13 06:24:00,58345,NetBanking,PENDING,INR,Fund Transfer,False,False,,163,29,38,day1-baseline,day1-baseline
T0538,A0104,P094,B049,2026-03-16,2026-03-16 20:18:00,77082,UPI,SUCCESS,INR,EMI Payment,False,False,DATE_RECONCILED_TO_TIMESTAMP,235,4,74,day1-baseline,day1-baseline
T0446,A0026,P037,B050,2025-07-10,2025-07-10 03:24:00,39390,UPI,PENDING,INR,EMI Payment,False,False,,147,98,28,day1-baseline,day1-baseline
T0690,A5223,P056,B497,2025-10-08,2025-10-08 20:10:00,170396,Card,PENDING,INR,Online Purchase,False,False,DATE_RECONCILED_TO_TIMESTAMP,110,34,31,day1-baseline,day1-baseline
T0146,A0148,P073,B055,2025-09-01,2025-09-01 23:35:00,73758,UPI,FAILED,INR,EMI Payment,False,False,,38,68,90,day1-baseline,day1-baseline
T0204,A2196,P037,B056,2026-03-23,2026-03-23 17:45:00,171339,Card,PENDING,INR,ATM Withdrawal,False,False,,93,98,68,day1-baseline,day1-baseline
T0492,A1179,P092,B021,2025-09-05,2025-09-05 13:03:00,64821,NetBanking,PENDING,INR,,False,False,DATE_RECONCILED_TO_TIMESTAMP,220,32,53,day1-baseline,day1-baseline
T0596,A0158,P713,B030,2025-08-01,2025-08-01 01:12:00,5044,UPI,SUCCESS,INR,ATM Withdrawal,False,False,,161,45,62,day1-baseline,day1-baseline
T0474,A7248,P035,B025,2026-09-19,2026-09-19 12:01:00,50990,Card,FAILED,INR,,False,False,IS_REFUND_DEFAULTED,86,99,26,day1-baseline,day1-baseline
T0149,A0013,P401,B393,2026-03-10,2026-03-10 01:17:00,129694,NetBanking,PENDING,INR,Salary Credit,False,False,,22,78,75,day1-baseline,day1-baseline
T0126,A0063,P087,B046,2025-12-21,2025-12-21 22:42:00,123305,UPI,SUCCESS,INR,Fund Transfer,False,False,,112,56,41,day1-baseline,day1-baseline
T0028,A0148,P029,B078,2026-08-08,2026-08-08 14:47:00,152272,Cash,FAILED,INR,Bill Payment,False,False,,38,36,82,day1-baseline,day1-baseline
T0763,A0135,P041,B182,2026-09-01,2026-09-01 08:58:00,88727,Card,PENDING,INR,EMI Payment,True,False,,20,10,95,day1-baseline,day1-baseline
T0254,A0012,P080,B036,2025-11-23,2025-11-23 08:56:00,173169,UPI,SUCCESS,INR,,False,False,DATE_RECONCILED_TO_TIMESTAMP,221,85,78,day1-baseline,day1-baseline
T0574,A5223,P047,B062,2026-04-05,2026-04-05 12:28:00,102866,UPI,SUCCESS,INR,Fund Transfer,False,False,DATE_RECONCILED_TO_TIMESTAMP;IS_REFUND_DEFAULTED,110,5,92,day1-baseline,day1-baseline
T0895,A6240,P022,B392,2025-10-08,2025-10-08 22:38:00,130234,NetBanking,SUCCESS,INR,Fund Transfer,False,False,IS_REFUND_DEFAULTED,139,54,25,day1-baseline,day1-baseline
T0197,A0165,P611,B039,2026-09-10,2026-09-10 14:20:00,38432,Card,FAILED,INR,Bill Payment,False,False,DATE_RECONCILED_TO_TIMESTAMP,228,16,97,day1-baseline,day1-baseline
T0364,A0157,P712,B059,2026-04-23,2026-04-23 03:46:00,44790,UPI,FAILED,INR,Fund Transfer,False,False,,102,15,96,day1-baseline,day1-baseline
T0057,A0013,P073,B006,2026-07-25,2026-07-25 20:12:00,46799,UPI,FAILED,INR,Bill Payment,False,False,,22,68,43,day1-baseline,day1-baseline
T0067,A0064,P402,B073,2026-02-05,2026-02-05 23:55:00,65158,Cash,SUCCESS,INR,,False,False,DATE_RECONCILED_TO_TIMESTAMP,125,103,59,day1-baseline,day1-baseline
T0727,A5228,P011,B010,2026-09-23,2026-09-23 10:26:00,61624,UPI,SUCCESS,INR,EMI Payment,False,False,,150,23,85,day1-baseline,day1-baseline
T0870,A0155,P609,B030,2026-08-04,2026-08-04 09:07:00,65265,Card,SUCCESS,INR,,False,False,,134,59,62,day1-baseline,day1-baseline
T0698,A2197,P713,B287,2026-05-13,2026-05-13 10:13:00,97910,NetBanking,SUCCESS,INR,Salary Credit,False,False,,41,45,89,day1-baseline,day1-baseline
T0775,A0080,P021,B059,2026-09-19,2026-09-19 07:57:00,22780,Cheque,SUCCESS,INR,Fund Transfer,False,False,DATE_RECONCILED_TO_TIMESTAMP,63,21,96,day1-baseline,day1-baseline
T0532,A0003,P016,B008,2026-08-31,2026-08-31 15:24:00,2498,Cash,SUCCESS,INR,Online Purchase,False,False,,183,38,93,day1-baseline,day1-baseline
T0805,A0024,P095,B601,2026-04-08,2026-04-08 19:38:00,13475,NetBanking,SUCCESS,INR,Fund Transfer,False,False,,47,8,21,day1-baseline,day1-baseline
T0647,A1173,P032,B071,2026-04-14,2026-04-14 13:26:00,144216,NetBanking,FAILED,INR,ATM Withdrawal,True,False,,187,60,76,day1-baseline,day1-baseline
T0383,A7246,P055,B184,2025-10-20,2025-10-20 11:01:00,36495,Cheque,FAILED,INR,Online Purchase,True,False,DATE_RECONCILED_TO_TIMESTAMP,78,29,37,day1-baseline,day1-baseline
T0292,A0097,P078,B054,2025-08-06,2025-08-06 21:46:00,191415,UPI,FAILED,INR,Online Purchase,False,False,IS_REFUND_DEFAULTED,9,1,18,day1-baseline,day1-baseline
T0753,A0018,P030,B046,2026-06-08,2026-06-08 09:10:00,179090,UPI,FAILED,INR,EMI Payment,True,False,DATE_RECONCILED_TO_TIMESTAMP,149,71,41,day1-baseline,day1-baseline
T0390,A0147,P016,B009,2026-03-24,2026-03-24 08:48:00,35026,NetBanking,SUCCESS,INR,Fund Transfer,False,False,IS_REFUND_DEFAULTED,176,38,80,day1-baseline,day1-baseline
T0711,A0161,P611,B007,2025-12-15,2025-12-15 09:57:00,136440,Card,SUCCESS,INR,EMI Payment,True,False,DATE_RECONCILED_TO_TIMESTAMP,137,16,54,day1-baseline,day1-baseline
T0523,A6238,P087,B037,2026-01-16,2026-01-16 21:54:00,174118,UPI,SUCCESS,INR,ATM Withdrawal,False,False,,164,56,33,day1-baseline,day1-baseline
T0271,A5222,P048,B036,2026-02-21,2026-02-21 05:17:00,7993,UPI,SUCCESS,INR,EMI Payment,False,False,DATE_RECONCILED_TO_TIMESTAMP,138,13,78,day1-baseline,day1-baseline
T0081,A1183,P068,B073,2026-03-10,2026-03-10 14:14:00,7535,Cash,PENDING,INR,Fund Transfer,False,False,,133,6,59,day1-baseline,day1-baseline
T0564,A0108,P029,B077,2026-01-23,2026-01-23 13:42:00,34586,NetBanking,SUCCESS,INR,Salary Credit,False,False,DATE_RECONCILED_TO_TIMESTAMP;IS_REFUND_DEFAULTED,106,36,73,day1-baseline,day1-baseline
T0049,A0050,P005,B007,2026-03-28,2026-03-28 01:21:00,22625,NetBanking,PENDING,INR,Salary Credit,False,False,DATE_RECONCILED_TO_TIMESTAMP,159,47,54,day1-baseline,day1-baseline
T0217,A0130,P006,B289,2025-10-10,2025-10-10 21:17:00,31640,NetBanking,FAILED,INR,Bill Payment,False,False,,31,53,47,day1-baseline,day1-baseline
T0238,A0069,P067,B042,2026-04-19,2026-04-19 22:14:00,111562,Card,SUCCESS,INR,Fund Transfer,False,False,,101,104,83,day1-baseline,day1-baseline
T0505,A6242,P011,B064,2026-08-06,2026-08-06 10:28:00,35339,Card,SUCCESS,INR,Online Purchase,False,False,DATE_AMBIGUOUS_RESOLVED_BY_TS;IS_REFUND_DEFAULTED,60,23,46,day1-baseline,day1-baseline
T0004,A0074,P082,B495,2025-10-06,2025-10-06 15:49:00,145063,NetBanking,SUCCESS,INR,Bill Payment,True,False,,57,87,38,day1-baseline,day1-baseline
T0737,A0129,P067,B012,2026-08-09,2026-08-09 06:13:00,127286,NetBanking,PENDING,INR,EMI Payment,False,False,,216,104,22,day1-baseline,day1-baseline
T0552,A2200,P070,B011,2025-07-10,2025-07-10 06:55:00,15019,Cheque,PENDING,INR,EMI Payment,False,False,,124,12,84,day1-baseline,day1-baseline
T0303,A0081,P609,B031,2026-06-15,2026-06-15 08:05:00,66018,UPI,FAILED,INR,Fund Transfer,False,False,DATE_RECONCILED_TO_TIMESTAMP,185,59,45,day1-baseline,day1-baseline
T0768,A0041,P043,B031,2026-08-09,2026-08-09 03:24:00,76568,NetBanking,PENDING,INR,Salary Credit,False,False,DATE_AMBIGUOUS_RESOLVED_BY_TS,200,30,45,day1-baseline,day1-baseline
T0530,A0055,P078,B287,2026-08-12,2026-08-12 10:06:00,23754,UPI,FAILED,INR,Bill Payment,True,False,,168,1,89,day1-baseline,day1-baseline
T0340,A5231,P077,B075,2026-01-08,2026-01-08 23:15:00,81183,UPI,FAILED,INR,Salary Credit,False,False,DATE_AMBIGUOUS_RESOLVED_BY_TS,142,3,77,day1-baseline,day1-baseline
T0430,A0078,P075,B034,2025-10-12,2025-10-12 06:19:00,17807,UPI,FAILED,INR,ATM Withdrawal,False,False,DATE_AMBIGUOUS_RESOLVED_BY_TS,211,42,7,day1-baseline,day1-baseline
T0334,A5224,P026,B289,2026-09-03,2026-09-03 16:05:00,159196,NetBanking,PENDING,INR,Online Purchase,False,False,DATE_AMBIGUOUS_RESOLVED_BY_TS,135,48,47,day1-baseline,day1-baseline
T0791,A0109,P028,B061,2026-04-11,2026-04-11 22:16:00,86935,NetBanking,FAILED,INR,EMI Payment,False,False,DATE_AMBIGUOUS_RESOLVED_BY_TS,21,66,13,day1-baseline,day1-baseline
T0633,A0135,P057,B029,2026-08-07,2026-08-07 08:28:00,35865,Cash,SUCCESS,INR,Salary Credit,False,False,IS_REFUND_DEFAULTED,20,72,23,day1-baseline,day1-baseline
T0249,A1180,P006,B046,2026-06-22,2026-06-22 22:36:00,102510,Card,FAILED,INR,EMI Payment,False,False,,46,53,41,day1-baseline,day1-baseline
T0337,A0025,P018,B026,2025-07-20,2025-07-20 19:57:00,187490,Cash,FAILED,INR,,False,False,,40,90,57,day1-baseline,day1-baseline
T0124,A0032,P087,B010,2025-11-28,2025-11-28 18:53:00,103190,UPI,PENDING,INR,Salary Credit,False,False,DATE_RECONCILED_TO_TIMESTAMP,179,56,85,day1-baseline,day1-baseline
T0058,A0059,P082,B001,2026-08-10,2026-08-10 09:31:00,140469,Cheque,PENDING,INR,Fund Transfer,False,False,,45,87,4,day1-baseline,day1-baseline
T0661,A0114,P070,B041,2026-05-04,2026-05-04 00:09:00,86623,Card,SUCCESS,INR,ATM Withdrawal,False,False,,24,12,11,day1-baseline,day1-baseline
T0193,A0070,P032,B390,2026-07-11,2026-07-11 19:12:00,187131,Cash,FAILED,INR,Online Purchase,False,False,IS_REFUND_DEFAULTED,83,60,51,day1-baseline,day1-baseline
T0072,A1176,P071,B005,2026-02-26,2026-02-26 21:52:00,140184,Cash,PENDING,INR,ATM Withdrawal,False,False,,16,44,44,day1-baseline,day1-baseline
T0105,A0127,P020,B003,2026-06-05,2026-06-05 01:44:00,176555,Cash,SUCCESS,INR,Online Purchase,False,False,IS_REFUND_DEFAULTED,73,80,3,day1-baseline,day1-baseline
T0857,A0057,P081,B028,2025-12-13,2025-12-13 06:49:00,61679,UPI,SUCCESS,INR,Bill Payment,False,False,,198,20,65,day1-baseline,day1-baseline
T0757,A0136,P088,B495,2026-03-05,2026-03-05 16:03:00,27114,UPI,PENDING,INR,Fund Transfer,False,False,,97,100,38,day1-baseline,day1-baseline
T0894,A0056,P026,B057,2025-08-19,2025-08-19 10:44:00,123062,NetBanking,FAILED,INR,Online Purchase,False,False,IS_REFUND_DEFAULTED,14,48,86,day1-baseline,day1-baseline
T0090,A0109,P040,B495,2025-12-07,2025-12-07 14:14:00,145705,NetBanking,PENDING,INR,Online Purchase,False,False,,21,63,38,day1-baseline,day1-baseline
T0062,A0034,P084,B011,2025-09-12,2025-09-12 16:28:00,108511,Cash,PENDING,INR,ATM Withdrawal,True,False,,99,97,84,day1-baseline,day1-baseline
T0404,A5224,P065,B028,2025-08-16,2025-08-16 21:25:00,69540,UPI,SUCCESS,INR,,False,False,,135,22,65,day1-baseline,day1-baseline
T0432,A0033,P037,B011,2026-02-15,2026-02-15 15:42:00,149078,UPI,SUCCESS,INR,Fund Transfer,False,False,,141,98,84,day1-baseline,day1-baseline
T0313,A0089,P015,B054,2025-07-04,2025-07-04 18:37:00,97460,UPI,SUCCESS,INR,Bill Payment,False,False,DATE_RECONCILED_TO_TIMESTAMP,169,88,18,day1-baseline,day1-baseline
T0191,A0129,P001,B076,2026-01-10,2026-01-10 11:55:00,87074,Cash,FAILED,INR,,False,False,,216,40,40,day1-baseline,day1-baseline
T0185,A2193,P610,B016,2025-11-08,2025-11-08 23:22:00,134090,NetBanking,SUCCESS,INR,EMI Payment,False,False,,224,49,16,day1-baseline,day1-baseline
T0520,A6238,P067,B058,2025-10-05,2025-10-05 07:03:00,113149,NetBanking,PENDING,INR,ATM Withdrawal,False,False,IS_REFUND_DEFAULTED,164,104,63,day1-baseline,day1-baseline
T0347,A1174,P070,B008,2026-01-21,2026-01-21 09:52:00,177381,Cash,FAILED,INR,EMI Payment,False,False,,58,12,93,day1-baseline,day1-baseline
T0400,A0046,P014,B288,2025-08-20,2025-08-20 03:48:00,63051,Cash,PENDING,INR,Salary Credit,False,False,IS_REFUND_DEFAULTED,115,76,6,day1-baseline,day1-baseline
T0675,A0138,P052,B062,2025-09-04,2025-09-04 20:59:00,60436,UPI,FAILED,INR,Salary Credit,False,False,DATE_RECONCILED_TO_TIMESTAMP,174,61,92,day1-baseline,day1-baseline
T0054,A1173,P086,B004,2025-08-01,2025-08-01 10:03:00,68195,NetBanking,PENDING,INR,Online Purchase,False,False,,187,41,94,day1-baseline,day1-baseline
T0507,A0050,P018,B055,2026-04-29,2026-04-29 19:12:00,114516,UPI,PENDING,INR,Online Purchase,False,False,,159,90,90,day1-baseline,day1-baseline
T0221,A0091,P078,B288,2026-05-07,2026-05-07 03:27:00,48954,Card,FAILED,INR,Salary Credit,False,False,DATE_RECONCILED_TO_TIMESTAMP,42,1,6,day1-baseline,day1-baseline
T0423,A2196,P050,B031,2026-06-02,2026-06-02 23:28:00,7134,Card,PENDING,INR,Online Purchase,False,False,DATE_RECONCILED_TO_TIMESTAMP,93,19,45,day1-baseline,day1-baseline
T0244,A0016,P057,B037,2026-07-31,2026-07-31 15:16:00,116379,Cheque,PENDING,INR,ATM Withdrawal,False,False,IS_REFUND_DEFAULTED,17,72,33,day1-baseline,day1-baseline
T0325,A0033,P004,B039,2025-12-13,2025-12-13 23:01:00,79707,UPI,SUCCESS,INR,Online Purchase,False,False,IS_REFUND_DEFAULTED,141,50,97,day1-baseline,day1-baseline
T0524,A0164,P067,B494,2026-08-07,2026-08-07 16:04:00,154243,NetBanking,PENDING,INR,ATM Withdrawal,False,False,DATE_RECONCILED_TO_TIMESTAMP,98,104,15,day1-baseline,day1-baseline
T0673,A0009,P048,B069,2026-01-07,2026-01-07 17:05:00,191951,NetBanking,SUCCESS,INR,,False,False,DATE_AMBIGUOUS_RESOLVED_BY_TS,23,13,52,day1-baseline,day1-baseline
T0866,A2193,P085,B062,2026-09-30,2026-09-30 01:22:00,93524,NetBanking,PENDING,INR,,False,False,,224,37,92,day1-baseline,day1-baseline
T0890,A0035,P401,B022,2026-07-18,2026-07-18 19:18:00,182293,UPI,FAILED,INR,EMI Payment,False,False,,197,78,32,day1-baseline,day1-baseline
T0773,A0076,P024,B286,2026-07-05,2026-07-05 01:12:00,80471,NetBanking,FAILED,INR,Fund Transfer,False,False,,191,91,14,day1-baseline,day1-baseline
T0371,A0109,P033,B026,2025-12-01,2025-12-01 18:27:00,29735,NetBanking,PENDING,INR,Online Purchase,False,False,,21,25,57,day1-baseline,day1-baseline
T0369,A1172,P054,B067,2026-07-15,2026-07-15 02:51:00,15173,Card,FAILED,INR,Salary Credit,True,False,,232,64,39,day1-baseline,day1-baseline
T0832,A3207,P081,B289,2025-07-14,2025-07-14 23:47:00,141629,UPI,FAILED,INR,,False,False,,59,20,47,day1-baseline,day1-baseline
T0575,A0065,P040,B027,2026-09-12,2026-09-12 13:32:00,130844,Cash,FAILED,INR,Online Purchase,False,False,DATE_AMBIGUOUS_RESOLVED_BY_TS,160,63,56,day1-baseline,day1-baseline
T0240,A0027,P036,B181,2025-07-17,2025-07-17 07:17:00,22792,UPI,SUCCESS,INR,Salary Credit,False,False,DATE_RECONCILED_TO_TIMESTAMP,25,27,9,day1-baseline,day1-baseline
T0684,A0116,P031,B020,2025-10-12,2025-10-12 01:51:00,181254,NetBanking,PENDING,INR,Fund Transfer,False,False,DATE_RECONCILED_TO_TIMESTAMP,237,105,24,day1-baseline,day1-baseline
T0804,A0050,P039,B052,2026-01-22,2026-01-22 01:19:00,160748,Cash,FAILED,INR,Bill Payment,False,False,DATE_RECONCILED_TO_TIMESTAMP;IS_REFUND_DEFAULTED,159,35,91,day1-baseline,day1-baseline
T0120,A0135,P016,B066,2026-02-04,2026-02-04 09:36:00,13011,NetBanking,FAILED,INR,Salary Credit,False,False,DATE_RECONCILED_TO_TIMESTAMP,20,38,58,day1-baseline,day1-baseline
T0846,A0064,P052,B006,2026-02-02,2026-02-02 06:50:00,66300,NetBanking,PENDING,INR,Bill Payment,False,False,,125,61,43,day1-baseline,day1-baseline
T0100,A0144,P042,B392,2026-05-23,2026-05-23 19:54:00,114198,Card,FAILED,INR,Online Purchase,False,False,,119,82,25,day1-baseline,day1-baseline
T0376,A0029,P069,B390,2026-03-15,2026-03-15 14:54:00,72317,NetBanking,SUCCESS,INR,Fund Transfer,False,False,DATE_RECONCILED_TO_TIMESTAMP,77,96,51,day1-baseline,day1-baseline
T0541,A0155,P608,B047,2026-08-03,2026-08-03 16:11:00,33468,Cash,FAILED,INR,Fund Transfer,False,False,,134,77,55,day1-baseline,day1-baseline
T0571,A0068,P042,B041,2025-12-15,2025-12-15 02:25:00,178429,UPI,SUCCESS,INR,,False,False,,33,82,11,day1-baseline,day1-baseline
T0726,A0006,P054,B599,2026-02-23,2026-02-23 00:51:00,106285,Cheque,PENDING,INR,EMI Payment,False,False,DATE_RECONCILED_TO_TIMESTAMP,5,64,36,day1-baseline,day1-baseline
T0521,A1171,P080,B016,2025-08-28,2025-08-28 06:47:00,66805,Card,SUCCESS,INR,Fund Transfer,False,False,IS_REFUND_DEFAULTED,148,85,16,day1-baseline,day1-baseline
T0853,A0054,P087,B023,2026-03-05,2026-03-05 20:28:00,175054,Card,SUCCESS,INR,Online Purchase,False,False,DATE_RECONCILED_TO_TIMESTAMP,170,56,29,day1-baseline,day1-baseline
T0470,A0108,P060,B010,2026-05-06,2026-05-06 14:31:00,96621,UPI,PENDING,INR,Bill Payment,False,False,DATE_AMBIGUOUS_RESOLVED_BY_TS,106,14,85,day1-baseline,day1-baseline
T0045,A0055,P022,B049,2026-08-24,2026-08-24 11:14:00,49204,UPI,SUCCESS,EUR,Bill Payment,False,False,NON_INR_CURRENCY,168,54,74,day1-baseline,day1-baseline
T0176,A1173,P025,B031,2026-02-01,2026-02-01 00:00:00,88873,Cheque,SUCCESS,INR,Salary Credit,True,False,DATE_RECONCILED_TO_TIMESTAMP,187,93,45,day1-baseline,day1-baseline
T0201,A0153,P048,B600,2026-02-04,2026-02-04 05:59:00,15266,UPI,SUCCESS,INR,Bill Payment,False,False,,175,13,70,day1-baseline,day1-baseline
T0418,A0022,P027,B184,2026-01-12,2026-01-12 06:57:00,181219,Card,PENDING,INR,ATM Withdrawal,False,False,DATE_RECONCILED_TO_TIMESTAMP,172,9,37,day1-baseline,day1-baseline
T0740,A5228,P609,B048,2026-03-15,2026-03-15 11:37:00,110338,NetBanking,FAILED,INR,Fund Transfer,False,False,,150,59,17,day1-baseline,day1-baseline
T0750,A1175,P074,B066,2026-05-08,2026-05-08 00:21:00,62342,UPI,PENDING,INR,,False,False,DATE_RECONCILED_TO_TIMESTAMP,212,17,58,day1-baseline,day1-baseline
T0360,A0020,P609,B008,2026-04-24,2026-04-24 13:26:00,50012,NetBanking,PENDING,INR,Fund Transfer,False,False,,79,59,93,day1-baseline,day1-baseline
T0754,A2190,P064,B034,2026-02-18,2026-02-18 09:17:00,124131,UPI,PENDING,INR,Fund Transfer,False,False,DATE_RECONCILED_TO_TIMESTAMP,223,67,7,day1-baseline,day1-baseline
T0010,A0021,P023,B598,2025-08-09,2025-08-09 15:11:00,128498,NetBanking,SUCCESS,INR,,False,False,IS_REFUND_DEFAULTED,61,11,35,day1-baseline,day1-baseline
T0489,A2196,P021,B054,2026-09-15,2026-09-15 11:36:00,73710,Cash,PENDING,INR,Salary Credit,False,False,,93,21,18,day1-baseline,day1-baseline
T0101,A0095,P007,B181,2026-06-17,2026-06-17 19:15:00,106895,NetBanking,PENDING,INR,ATM Withdrawal,False,False,DATE_RECONCILED_TO_TIMESTAMP,76,79,9,day1-baseline,day1-baseline
T0883,A6234,P068,B073,2025-07-22,2025-07-22 01:43:00,188100,UPI,SUCCESS,INR,ATM Withdrawal,False,False,,103,6,59,day1-baseline,day1-baseline
T0272,A7251,P056,B021,2025-10-05,2025-10-05 12:11:00,156226,Cash,SUCCESS,INR,Salary Credit,False,False,DATE_RECONCILED_TO_TIMESTAMP,13,34,53,day1-baseline,day1-baseline
T0457,A1184,P016,B018,2025-10-19,2025-10-19 20:12:00,111430,Cash,PENDING,INR,,False,False,DATE_RECONCILED_TO_TIMESTAMP,227,38,1,day1-baseline,day1-baseline
T0172,A0035,P006,B029,2026-02-20,2026-02-20 21:11:00,183613,UPI,SUCCESS,INR,ATM Withdrawal,False,False,,197,53,23,day1-baseline,day1-baseline
T0815,A0029,P009,B052,2025-08-09,2025-08-09 15:21:00,26316,UPI,FAILED,INR,Salary Credit,False,False,DATE_AMBIGUOUS_RESOLVED_BY_TS,77,92,91,day1-baseline,day1-baseline
T0515,A0143,P001,B018,2026-05-01,2026-05-01 03:37:00,36091,UPI,FAILED,INR,,False,False,DATE_AMBIGUOUS_RESOLVED_BY_TS,181,40,1,day1-baseline,day1-baseline
T0509,A1181,P055,B072,2025-07-25,2025-07-25 02:51:00,72231,UPI,FAILED,INR,ATM Withdrawal,False,False,DATE_RECONCILED_TO_TIMESTAMP,2,29,64,day1-baseline,day1-baseline
T0316,A0157,P087,B287,2025-08-26,2025-08-26 03:28:00,113815,UPI,FAILED,INR,EMI Payment,False,False,,102,56,89,day1-baseline,day1-baseline
T0150,A0059,P038,B009,2025-08-03,2025-08-03 23:04:00,33905,Card,SUCCESS,INR,Salary Credit,False,False,IS_REFUND_DEFAULTED,45,89,80,day1-baseline,day1-baseline
T0091,A0048,P004,B286,2025-09-12,2025-09-12 22:37:00,27165,Card,PENDING,INR,Fund Transfer,False,False,,162,50,14,day1-baseline,day1-baseline
T0460,A0154,P045,B011,2026-04-15,2026-04-15 13:35:00,184773,Card,PENDING,INR,EMI Payment,False,False,,56,57,84,day1-baseline,day1-baseline
T0559,A0047,P028,B023,2026-09-02,2026-09-02 09:52:00,1305,NetBanking,FAILED,INR,Online Purchase,False,False,,157,66,29,day1-baseline,day1-baseline
T0130,A0053,P503,B016,2026-08-19,2026-08-19 15:21:00,75671,Card,FAILED,INR,,False,False,DATE_RECONCILED_TO_TIMESTAMP,32,101,16,day1-baseline,day1-baseline
T0128,A0135,P055,B071,2025-12-22,2025-12-22 01:49:00,146520,Cash,PENDING,INR,,False,False,,20,29,76,day1-baseline,day1-baseline
T0637,A0046,P021,B042,2025-07-07,2025-07-07 01:51:00,18134,Card,FAILED,INR,EMI Payment,False,False,IS_REFUND_DEFAULTED,115,21,83,day1-baseline,day1-baseline
T0759,A0072,P090,B494,2025-10-28,2025-10-28 21:45:00,89728,UPI,PENDING,INR,Salary Credit,False,False,DATE_RECONCILED_TO_TIMESTAMP,10,7,15,day1-baseline,day1-baseline
T0082,A0146,P094,B023,2025-08-04,2025-08-04 11:37:00,126456,UPI,FAILED,INR,Salary Credit,False,False,DATE_AMBIGUOUS_RESOLVED_BY_TS,156,4,29,day1-baseline,day1-baseline
T0630,A2186,P061,B184,2026-09-12,2026-09-12 11:16:00,106520,UPI,PENDING,INR,EMI Payment,False,False,DATE_RECONCILED_TO_TIMESTAMP,186,28,37,day1-baseline,day1-baseline
T0035,A0042,P034,B048,2025-12-07,2025-12-07 01:43:00,156288,UPI,SUCCESS,INR,ATM Withdrawal,False,False,DATE_RECONCILED_TO_TIMESTAMP,163,26,17,day1-baseline,day1-baseline
T0380,A3203,P069,B495,2025-08-04,2025-08-04 18:05:00,146852,Card,FAILED,INR,Online Purchase,False,False,,194,96,38,day1-baseline,day1-baseline
T0111,A0125,P035,B392,2026-01-26,2026-01-26 00:18:00,69129,Cash,SUCCESS,INR,Online Purchase,False,False,IS_REFUND_DEFAULTED,144,99,25,day1-baseline,day1-baseline
T0688,A1180,P069,B023,2025-12-02,2025-12-02 09:13:00,188822,Cash,FAILED,INR,Fund Transfer,False,False,IS_REFUND_DEFAULTED,46,96,29,day1-baseline,day1-baseline
T0209,A0145,P026,B061,2026-08-05,2026-08-05 05:33:00,191426,UPI,FAILED,INR,EMI Payment,True,False,,3,48,13,day1-baseline,day1-baseline
T0865,A0066,P042,B601,2025-09-18,2025-09-18 07:29:00,95981,Cash,PENDING,INR,ATM Withdrawal,False,False,DATE_RECONCILED_TO_TIMESTAMP,71,82,21,day1-baseline,day1-baseline
T0477,A1178,P056,B022,2025-12-13,2025-12-13 18:12:00,91860,NetBanking,SUCCESS,INR,ATM Withdrawal,False,False,,152,34,32,day1-baseline,day1-baseline
T0467,A0031,P051,B042,2026-07-24,2026-07-24 15:16:00,143036,Card,PENDING,INR,,False,False,,231,62,83,day1-baseline,day1-baseline
T0868,A2191,P014,B027,2026-01-07,2026-01-07 18:19:00,149121,Card,FAILED,INR,Online Purchase,False,False,DATE_RECONCILED_TO_TIMESTAMP,196,76,56,day1-baseline,day1-baseline
T0549,A0020,P007,B026,2026-07-07,2026-07-07 13:58:00,1305,Cash,FAILED,INR,Salary Credit,False,False,DATE_RECONCILED_TO_TIMESTAMP,79,79,57,day1-baseline,day1-baseline
T0616,A5233,P507,B075,2026-08-22,2026-08-22 02:34:00,105095,UPI,FAILED,INR,Online Purchase,False,False,IS_REFUND_DEFAULTED,120,74,77,day1-baseline,day1-baseline
T0836,A0115,P001,B032,2025-08-21,2025-08-21 03:19:00,62828,Card,FAILED,INR,Fund Transfer,False,False,IS_REFUND_DEFAULTED,84,40,2,day1-baseline,day1-baseline
T0195,A2188,P074,B019,2026-08-12,2026-08-12 07:59:00,151487,NetBanking,FAILED,INR,ATM Withdrawal,False,False,DATE_AMBIGUOUS_RESOLVED_BY_TS;IS_REFUND_DEFAULTED,28,17,81,day1-baseline,day1-baseline
T0566,A0004,P034,B032,2025-09-22,2025-09-22 00:24:00,30022,UPI,SUCCESS,INR,Fund Transfer,True,False,DATE_RECONCILED_TO_TIMESTAMP,91,26,2,day1-baseline,day1-baseline
T0403,A0010,P608,B184,2025-11-13,2025-11-13 15:22:00,88842,UPI,FAILED,INR,,False,False,,96,77,37,day1-baseline,day1-baseline
T0687,A5222,P004,B031,2026-09-19,2026-09-19 08:08:00,63309,Cheque,FAILED,INR,Salary Credit,False,False,DATE_RECONCILED_TO_TIMESTAMP;IS_REFUND_DEFAULTED,138,50,45,day1-baseline,day1-baseline
T0426,A0021,P005,B601,2025-07-22,2025-07-22 22:56:00,142450,NetBanking,PENDING,INR,Online Purchase,False,False,,61,47,21,day1-baseline,day1-baseline
T0777,A0011,P032,B056,2026-04-21,2026-04-21 05:11:00,98330,UPI,FAILED,INR,Online Purchase,False,False,,178,60,68,day1-baseline,day1-baseline
T0852,A0007,P032,B007,2025-07-06,2025-07-06 09:21:00,11250,UPI,PENDING,INR,ATM Withdrawal,False,False,DATE_AMBIGUOUS_RESOLVED_BY_TS,35,60,54,day1-baseline,day1-baseline
T0092,A0144,P009,B037,2026-08-09,2026-08-09 12:22:00,125235,Cash,PENDING,INR,ATM Withdrawal,False,False,,119,92,33,day1-baseline,day1-baseline
T0357,A0097,P079,B009,2026-07-18,2026-07-18 16:23:00,80200,UPI,PENDING,INR,EMI Payment,False,False,DATE_RECONCILED_TO_TIMESTAMP;IS_REFUND_DEFAULTED,9,102,80,day1-baseline,day1-baseline
T0306,A7249,P068,B063,2025-08-09,2025-08-09 07:13:00,85903,Card,FAILED,INR,Online Purchase,False,False,DATE_RECONCILED_TO_TIMESTAMP,130,6,87,day1-baseline,day1-baseline
T0583,A0145,P024,B048,2026-09-06,2026-09-06 17:54:00,91809,NetBanking,PENDING,INR,Online Purchase,False,False,IS_REFUND_DEFAULTED,3,91,17,day1-baseline,day1-baseline
T0164,A5225,P506,B027,2026-02-12,2026-02-12 07:16:00,169675,Cash,SUCCESS,INR,Bill Payment,True,False,DATE_RECONCILED_TO_TIMESTAMP,108,55,56,day1-baseline,day1-baseline
T0445,A3207,P086,B012,2026-05-21,2026-05-21 15:50:00,74039,Card,FAILED,INR,Salary Credit,False,False,IS_REFUND_DEFAULTED,59,41,22,day1-baseline,day1-baseline
T0860,A0159,P610,B018,2025-10-22,2025-10-22 10:56:00,169635,UPI,FAILED,INR,,False,False,IS_REFUND_DEFAULTED,226,49,1,day1-baseline,day1-baseline
T0703,A0083,P047,B024,2025-09-23,2025-09-23 15:14:00,21446,Cash,PENDING,INR,Salary Credit,False,False,,109,5,48,day1-baseline,day1-baseline
T0356,A0026,P015,B040,2026-05-22,2026-05-22 17:24:00,125176,NetBanking,FAILED,EUR,Online Purchase,False,False,NON_INR_CURRENCY,147,88,34,day1-baseline,day1-baseline
T0138,A3206,P014,B016,2025-09-17,2025-09-17 03:23:00,80434,UPI,PENDING,INR,,False,False,DATE_RECONCILED_TO_TIMESTAMP;IS_REFUND_DEFAULTED,88,76,16,day1-baseline,day1-baseline
T0779,A0037,P043,B039,2025-08-05,2025-08-05 06:26:00,143028,UPI,PENDING,EUR,Bill Payment,False,False,NON_INR_CURRENCY;IS_REFUND_DEFAULTED,189,30,97,day1-baseline,day1-baseline
T0225,A0145,P044,B039,2025-12-03,2025-12-03 09:45:00,70889,Cash,PENDING,INR,,False,False,IS_REFUND_DEFAULTED,3,65,97,day1-baseline,day1-baseline
T0692,A2193,P052,B285,2026-02-23,2026-02-23 21:54:00,51583,Card,FAILED,EUR,Online Purchase,False,False,DATE_RECONCILED_TO_TIMESTAMP;NON_INR_CURRENCY,224,61,20,day1-baseline,day1-baseline
T0202,A0124,P004,B050,2026-05-31,2026-05-31 22:50:00,176329,UPI,SUCCESS,INR,Fund Transfer,False,False,,27,50,28,day1-baseline,day1-baseline
T0167,A0043,P025,B390,2026-09-10,2026-09-10 11:08:00,151890,UPI,PENDING,INR,,False,False,DATE_AMBIGUOUS_RESOLVED_BY_TS,44,93,51,day1-baseline,day1-baseline
T0378,A0024,P023,B056,2026-03-29,2026-03-29 09:44:00,6228,NetBanking,SUCCESS,INR,Online Purchase,False,False,DATE_RECONCILED_TO_TIMESTAMP,47,11,68,day1-baseline,day1-baseline
T0723,A0124,P072,B072,2026-06-18,2026-06-18 23:39:00,13606,NetBanking,SUCCESS,INR,Salary Credit,False,False,,27,58,64,day1-baseline,day1-baseline
T0352,A7249,P065,B022,2025-11-30,2025-11-30 19:07:00,94149,Card,FAILED,INR,EMI Payment,False,False,,130,22,32,day1-baseline,day1-baseline
T0781,A0041,P001,B060,2026-01-25,2026-01-25 15:07:00,149785,UPI,SUCCESS,INR,ATM Withdrawal,False,False,IS_REFUND_DEFAULTED,200,40,30,day1-baseline,day1-baseline
T0787,A0071,P056,B069,2026-03-28,2026-03-28 13:20:00,72411,NetBanking,FAILED,INR,EMI Payment,True,False,DATE_RECONCILED_TO_TIMESTAMP,122,34,52,day1-baseline,day1-baseline
T0578,A0008,P402,B025,2026-04-20,2026-04-20 10:25:00,43602,NetBanking,PENDING,INR,ATM Withdrawal,False,False,,202,103,26,day1-baseline,day1-baseline
T0454,A5228,P056,B040,2025-10-12,2025-10-12 08:21:00,51820,UPI,FAILED,INR,ATM Withdrawal,False,False,,150,34,34,day1-baseline,day1-baseline
T0434,A0047,P058,B050,2026-07-24,2026-07-24 21:29:00,173360,Cash,SUCCESS,INR,Bill Payment,False,False,DATE_RECONCILED_TO_TIMESTAMP;IS_REFUND_DEFAULTED,157,84,28,day1-baseline,day1-baseline
T0719,A0131,P041,B033,2026-04-24,2026-04-24 08:52:00,128330,NetBanking,FAILED,EUR,,False,False,NON_INR_CURRENCY,49,10,8,day1-baseline,day1-baseline
T0782,A0096,P085,B598,2026-05-28,2026-05-28 12:00:00,38267,Cash,PENDING,INR,,False,False,DATE_RECONCILED_TO_TIMESTAMP,184,37,35,day1-baseline,day1-baseline
T0628,A0045,P044,B061,2026-01-11,2026-01-11 01:01:00,156244,Card,PENDING,INR,EMI Payment,False,False,DATE_AMBIGUOUS_RESOLVED_BY_TS;IS_REFUND_DEFAULTED,29,65,13,day1-baseline,day1-baseline
T0189,A0024,P018,B033,2026-09-20,2026-09-20 20:58:00,164188,Cash,FAILED,INR,,False,False,,47,90,8,day1-baseline,day1-baseline
T0519,A7249,P066,B286,2025-09-25,2025-09-25 05:41:00,149663,Card,FAILED,INR,Bill Payment,False,False,DATE_RECONCILED_TO_TIMESTAMP,130,33,14,day1-baseline,day1-baseline
T0649,A0106,P043,B077,2026-09-25,2026-09-25 11:29:00,165928,Cash,FAILED,INR,Bill Payment,False,False,,167,30,73,day1-baseline,day1-baseline
T0827,A7246,P058,B286,2026-02-22,2026-02-22 15:11:00,142298,UPI,FAILED,INR,,True,False,,78,84,14,day1-baseline,day1-baseline
T0407,A0122,P093,B010,2026-08-06,2026-08-06 22:30:00,140841,Card,FAILED,INR,Online Purchase,False,False,DATE_AMBIGUOUS_RESOLVED_BY_TS,201,31,85,day1-baseline,day1-baseline
T0048,A0088,P090,B600,2025-08-12,2025-08-12 04:32:00,20648,Cash,FAILED,INR,ATM Withdrawal,False,False,DATE_RECONCILED_TO_TIMESTAMP,39,7,70,day1-baseline,day1-baseline
T0184,A0051,P027,B066,2026-09-15,2026-09-15 16:46:00,190644,NetBanking,FAILED,INR,Bill Payment,False,False,DATE_RECONCILED_TO_TIMESTAMP;IS_REFUND_DEFAULTED,146,9,58,day1-baseline,day1-baseline
T0855,A0018,P024,B053,2025-12-09,2025-12-09 20:20:00,6242,Cash,FAILED,INR,Bill Payment,False,False,DATE_AMBIGUOUS_RESOLVED_BY_TS,149,91,61,day1-baseline,day1-baseline
T0022,A0156,P051,B393,2026-02-04,2026-02-04 01:38:00,193262,Cash,PENDING,INR,ATM Withdrawal,False,False,,210,62,75,day1-baseline,day1-baseline
T0508,A0033,P069,B075,2026-02-23,2026-02-23 19:36:00,61040,Cash,FAILED,INR,EMI Payment,False,False,IS_REFUND_DEFAULTED,141,96,77,day1-baseline,day1-baseline
T0112,A0132,P059,B392,2025-07-31,2025-07-31 01:21:00,62062,Cash,FAILED,INR,Fund Transfer,False,False,DATE_RECONCILED_TO_TIMESTAMP,165,86,25,day1-baseline,day1-baseline
T0730,A0096,P068,B288,2026-06-26,2026-06-26 02:52:00,168892,UPI,FAILED,INR,Fund Transfer,False,False,,184,6,6,day1-baseline,day1-baseline
T0718,A0039,P033,B025,2026-02-05,2026-02-05 14:23:00,3306,UPI,FAILED,INR,EMI Payment,False,False,DATE_RECONCILED_TO_TIMESTAMP,6,25,26,day1-baseline,day1-baseline
T0250,A0118,P072,B285,2026-08-10,2026-08-10 13:16:00,136996,Cash,FAILED,INR,Salary Credit,False,False,DATE_AMBIGUOUS_RESOLVED_BY_TS;IS_REFUND_DEFAULTED,4,58,20,day1-baseline,day1-baseline
T0007,A0155,P030,B052,2025-12-31,2025-12-31 22:42:00,112455,Card,FAILED,INR,EMI Payment,False,False,,134,71,91,day1-baseline,day1-baseline
T0450,A0008,P026,B014,2026-05-10,2026-05-10 01:41:00,74662,Card,SUCCESS,INR,ATM Withdrawal,False,False,DATE_RECONCILED_TO_TIMESTAMP,202,48,88,day1-baseline,day1-baseline
T0182,A0002,P611,B012,2025-08-10,2025-08-10 13:46:00,122940,UPI,FAILED,INR,Online Purchase,False,False,DATE_RECONCILED_TO_TIMESTAMP,229,16,22,day1-baseline,day1-baseline
T0098,A0158,P021,B076,2026-03-12,2026-03-12 02:53:00,140965,Cash,FAILED,INR,Bill Payment,False,False,,161,21,40,day1-baseline,day1-baseline
T0116,A3205,P057,B004,2026-03-13,2026-03-13 10:01:00,75022,UPI,SUCCESS,INR,Online Purchase,False,False,,126,72,94,day1-baseline,day1-baseline
T0266,A0090,P041,B024,2026-02-18,2026-02-18 15:54:00,168559,Cash,SUCCESS,INR,Fund Transfer,False,False,DATE_RECONCILED_TO_TIMESTAMP,82,10,48,day1-baseline,day1-baseline
T0212,A0147,P023,B050,2026-04-10,2026-04-10 00:27:00,177980,Cash,FAILED,INR,Bill Payment,False,False,,176,11,28,day1-baseline,day1-baseline
T0315,A0036,P031,B025,2026-05-07,2026-05-07 07:42:00,73540,Card,SUCCESS,INR,Salary Credit,False,False,DATE_AMBIGUOUS_RESOLVED_BY_TS,105,105,26,day1-baseline,day1-baseline
T0732,A0058,P040,B053,2025-12-08,2025-12-08 23:24:00,167696,NetBanking,SUCCESS,INR,Salary Credit,False,False,,116,63,61,day1-baseline,day1-baseline
T0441,A0035,P005,B066,2026-04-27,2026-04-27 05:02:00,181606,NetBanking,PENDING,INR,,False,False,DATE_RECONCILED_TO_TIMESTAMP,197,47,58,day1-baseline,day1-baseline
T0466,A0152,P005,B064,2026-03-02,2026-03-02 18:02:00,178526,NetBanking,SUCCESS,INR,EMI Payment,False,False,,81,47,46,day1-baseline,day1-baseline
T0125,A0165,P037,B078,2025-07-10,2025-07-10 10:35:00,17148,UPI,PENDING,INR,ATM Withdrawal,False,False,,228,98,82,day1-baseline,day1-baseline
T0024,A0138,P060,B053,2026-01-28,2026-01-28 10:28:00,7030,Card,FAILED,INR,Bill Payment,False,False,DATE_RECONCILED_TO_TIMESTAMP,174,14,61,day1-baseline,day1-baseline
T0796,A1182,P082,B045,2025-09-04,2025-09-04 20:27:00,18494,Cash,PENDING,INR,,False,False,DATE_AMBIGUOUS_RESOLVED_BY_TS,8,87,12,day1-baseline,day1-baseline
T0156,A0059,P611,B600,2026-07-07,2026-07-07 05:15:00,36590,UPI,FAILED,INR,EMI Payment,False,False,,45,16,70,day1-baseline,day1-baseline
T0224,A0005,P095,B065,2026-01-20,2026-01-20 17:55:00,135107,UPI,SUCCESS,INR,Fund Transfer,False,False,,233,8,69,day1-baseline,day1-baseline
T0889,A0024,P072,B004,2025-08-27,2025-08-27 18:41:00,49435,UPI,PENDING,INR,EMI Payment,False,False,DATE_RECONCILED_TO_TIMESTAMP;IS_REFUND_DEFAULTED,47,58,94,day1-baseline,day1-baseline
T0115,A0135,P068,B044,2026-02-20,2026-02-20 23:55:00,39311,UPI,FAILED,INR,Bill Payment,False,False,,20,6,60,day1-baseline,day1-baseline
T0311,A1180,P067,B020,2026-07-27,2026-07-27 15:47:00,26975,Card,FAILED,INR,EMI Payment,False,False,IS_REFUND_DEFAULTED,46,104,24,day1-baseline,day1-baseline
T0389,A0050,P076,B015,2026-03-10,2026-03-10 18:12:00,33486,NetBanking,FAILED,INR,ATM Withdrawal,False,False,DATE_AMBIGUOUS_RESOLVED_BY_TS,159,46,66,day1-baseline,day1-baseline
T0648,A7249,P030,B069,2026-02-27,2026-02-27 21:42:00,168492,Card,SUCCESS,INR,Bill Payment,False,False,,130,71,52,day1-baseline,day1-baseline
T0821,A0062,P033,B026,2025-12-15,2025-12-15 14:27:00,67968,UPI,PENDING,INR,EMI Payment,False,False,,34,25,57,day1-baseline,day1-baseline
T0247,A0058,P058,B392,2026-02-26,2026-02-26 04:40:00,56459,NetBanking,SUCCESS,INR,,False,False,DATE_RECONCILED_TO_TIMESTAMP,116,84,25,day1-baseline,day1-baseline
T0301,A0123,P402,B003,2026-02-06,2026-02-06 17:03:00,173620,UPI,PENDING,INR,,False,False,DATE_RECONCILED_TO_TIMESTAMP,118,103,3,day1-baseline,day1-baseline
T0025,A0013,P080,B494,2026-01-13,2026-01-13 16:39:00,42416,Card,SUCCESS,INR,Online Purchase,False,False,,22,85,15,day1-baseline,day1-baseline
T0487,A0068,P039,B069,2025-09-24,2025-09-24 07:55:00,24688,NetBanking,SUCCESS,INR,Salary Credit,False,False,,33,35,52,day1-baseline,day1-baseline
T0568,A0044,P046,B286,2025-10-04,2025-10-04 02:00:00,42830,Card,PENDING,INR,Fund Transfer,False,False,DATE_RECONCILED_TO_TIMESTAMP,128,18,14,day1-baseline,day1-baseline
T0463,A5233,P068,B015,2026-04-08,2026-04-08 05:47:00,59949,UPI,PENDING,INR,ATM Withdrawal,False,False,,120,6,66,day1-baseline,day1-baseline
T0206,A0060,P001,B011,2026-04-02,2026-04-02 22:06:00,174201,Card,SUCCESS,INR,Fund Transfer,False,False,,117,40,84,day1-baseline,day1-baseline
T0556,A0151,P608,B004,2025-11-29,2025-11-29 20:38:00,157867,Card,PENDING,INR,Salary Credit,False,False,,100,77,94,day1-baseline,day1-baseline
T0494,A0020,P072,B393,2026-08-15,2026-08-15 03:56:00,115423,Cash,SUCCESS,INR,Fund Transfer,False,False,IS_REFUND_DEFAULTED,79,58,75,day1-baseline,day1-baseline
T0802,A7245,P020,B040,2026-06-29,2026-06-29 06:34:00,144792,UPI,FAILED,INR,,False,False,,66,80,34,day1-baseline,day1-baseline
T0731,A0052,P050,B028,2025-07-05,2025-07-05 03:48:00,153290,Card,FAILED,INR,ATM Withdrawal,False,False,DATE_RECONCILED_TO_TIMESTAMP,89,19,65,day1-baseline,day1-baseline
T0669,A0049,P061,B039,2026-07-13,2026-07-13 18:02:00,169098,NetBanking,SUCCESS,INR,Bill Payment,False,False,,52,28,97,day1-baseline,day1-baseline
T0608,A0057,P076,B040,2025-10-11,2025-10-11 05:07:00,185066,UPI,FAILED,EUR,Bill Payment,False,False,NON_INR_CURRENCY,198,46,34,day1-baseline,day1-baseline
T0268,A0088,P017,B054,2026-07-21,2026-07-21 13:40:00,117620,UPI,FAILED,INR,,False,False,,39,73,18,day1-baseline,day1-baseline
T0584,A0140,P045,B062,2025-09-09,2025-09-09 10:32:00,88917,NetBanking,PENDING,INR,EMI Payment,False,False,,192,57,92,day1-baseline,day1-baseline
T0332,A2186,P092,B024,2026-07-10,2026-07-10 06:17:00,47246,UPI,FAILED,INR,Online Purchase,False,False,DATE_RECONCILED_TO_TIMESTAMP;IS_REFUND_DEFAULTED,186,32,48,day1-baseline,day1-baseline
T0291,A0102,P065,B001,2026-05-23,2026-05-23 06:12:00,66690,Card,SUCCESS,INR,ATM Withdrawal,False,False,,204,22,4,day1-baseline,day1-baseline
T0469,A6235,P068,B601,2025-09-18,2025-09-18 02:12:00,126891,Cash,FAILED,INR,Fund Transfer,False,False,,70,6,21,day1-baseline,day1-baseline
T0632,A0079,P023,B061,2025-11-06,2025-11-06 16:40:00,102276,NetBanking,PENDING,INR,,False,False,IS_REFUND_DEFAULTED,171,11,13,day1-baseline,day1-baseline
T0591,A0159,P003,B065,2025-07-15,2025-07-15 05:09:00,151664,Cash,PENDING,INR,Fund Transfer,False,False,,226,81,69,day1-baseline,day1-baseline
T0171,A1181,P045,B391,2026-03-27,2026-03-27 18:56:00,129201,UPI,FAILED,INR,,False,False,,2,57,19,day1-baseline,day1-baseline
T0377,A0058,P039,B023,2025-07-29,2025-07-29 08:34:00,97348,Cheque,SUCCESS,INR,Salary Credit,False,False,IS_REFUND_DEFAULTED,116,35,29,day1-baseline,day1-baseline
T0844,A0151,P032,B033,2025-10-20,2025-10-20 22:22:00,4115,NetBanking,SUCCESS,INR,Bill Payment,False,False,,100,60,8,day1-baseline,day1-baseline
T0416,A0157,P506,B024,2025-12-12,2025-12-12 19:24:00,80689,Cheque,SUCCESS,INR,Salary Credit,False,False,,102,55,48,day1-baseline,day1-baseline
T0342,A0089,P071,B069,2025-12-23,2025-12-23 16:35:00,71003,Cash,FAILED,INR,Salary Credit,False,False,,169,44,52,day1-baseline,day1-baseline
T0324,A2198,P047,B023,2026-06-01,2026-06-01 23:56:00,71278,Cash,FAILED,INR,Fund Transfer,False,False,,166,5,29,day1-baseline,day1-baseline
T0708,A0148,P081,B072,2025-10-29,2025-10-29 10:39:00,76516,UPI,PENDING,INR,EMI Payment,False,False,,38,20,64,day1-baseline,day1-baseline
T0518,A0066,P042,B013,2025-07-21,2025-07-21 13:05:00,172963,Cash,PENDING,INR,Online Purchase,False,False,,71,82,67,day1-baseline,day1-baseline
T0056,A0079,P051,B004,2026-08-20,2026-08-20 17:14:00,1367,UPI,PENDING,INR,Fund Transfer,False,False,,171,62,94,day1-baseline,day1-baseline
T0349,A2197,P004,B601,2025-08-12,2025-08-12 23:06:00,172432,NetBanking,SUCCESS,INR,Online Purchase,False,False,,41,50,21,day1-baseline,day1-baseline
T0785,A0157,P067,B039,2025-10-18,2025-10-18 01:58:00,3035,NetBanking,FAILED,INR,Bill Payment,False,False,IS_REFUND_DEFAULTED,102,104,97,day1-baseline,day1-baseline
T0561,A6237,P057,B184,2025-11-14,2025-11-14 12:34:00,39546,Cash,SUCCESS,INR,Bill Payment,False,False,DATE_RECONCILED_TO_TIMESTAMP,127,72,37,day1-baseline,day1-baseline
T0041,A0085,P086,B027,2025-08-25,2025-08-25 21:52:00,156844,Cheque,FAILED,INR,Bill Payment,False,False,DATE_RECONCILED_TO_TIMESTAMP;IS_REFUND_DEFAULTED,143,41,56,day1-baseline,day1-baseline
T0797,A1173,P024,B287,2026-09-22,2026-09-22 05:57:00,38334,Cash,SUCCESS,INR,Online Purchase,True,False,,187,91,89,day1-baseline,day1-baseline
T0246,A2195,P061,B496,2026-02-24,2026-02-24 17:57:00,122358,NetBanking,PENDING,INR,Salary Credit,False,False,,207,28,10,day1-baseline,day1-baseline
T0009,A0130,P078,B598,2025-07-12,2025-07-12 22:52:00,72840,Card,PENDING,INR,ATM Withdrawal,False,False,,31,1,35,day1-baseline,day1-baseline
T0500,A0154,P093,B040,2025-12-15,2025-12-15 02:06:00,22020,Card,SUCCESS,INR,EMI Payment,True,False,,56,31,34,day1-baseline,day1-baseline
T0435,A0106,P056,B078,2026-09-11,2026-09-11 13:26:00,185909,Cash,FAILED,INR,EMI Payment,False,False,,167,34,82,day1-baseline,day1-baseline
T0106,A0159,P016,B060,2025-10-16,2025-10-16 05:58:00,115540,Cash,PENDING,INR,,False,False,,226,38,30,day1-baseline,day1-baseline
T0211,A1185,P080,B005,2025-12-29,2025-12-29 14:32:00,75688,UPI,PENDING,INR,Bill Payment,False,False,DATE_RECONCILED_TO_TIMESTAMP,154,85,44,day1-baseline,day1-baseline
T0227,A0049,P039,B287,2026-09-18,2026-09-18 18:06:00,189925,Card,SUCCESS,INR,,False,False,,52,35,89,day1-baseline,day1-baseline
T0697,A2189,P034,B391,2025-09-21,2025-09-21 22:32:00,4926,Card,FAILED,INR,ATM Withdrawal,False,False,DATE_RECONCILED_TO_TIMESTAMP;IS_REFUND_DEFAULTED,30,26,19,day1-baseline,day1-baseline
T0402,A5223,P007,B010,2026-07-30,2026-07-30 20:20:00,194671,Card,PENDING,INR,Fund Transfer,False,False,,110,79,85,day1-baseline,day1-baseline
T0882,A0162,P029,B031,2025-10-13,2025-10-13 10:46:00,109951,Cash,FAILED,INR,,False,False,IS_REFUND_DEFAULTED,236,36,45,day1-baseline,day1-baseline
T0259,A0131,P006,B042,2025-11-30,2025-11-30 00:57:00,47339,NetBanking,FAILED,INR,Fund Transfer,False,False,DATE_RECONCILED_TO_TIMESTAMP,49,53,83,day1-baseline,day1-baseline
T0722,A0101,P505,B038,2025-11-22,2025-11-22 16:46:00,194354,Cash,SUCCESS,INR,Bill Payment,False,False,,195,95,71,day1-baseline,day1-baseline
T0208,A0148,P035,B043,2025-07-14,2025-07-14 07:04:00,71311,UPI,PENDING,INR,EMI Payment,False,False,,38,99,50,day1-baseline,day1-baseline
T0752,A0056,P038,B018,2025-08-16,2025-08-16 02:59:00,188491,Card,PENDING,INR,ATM Withdrawal,False,False,,14,89,1,day1-baseline,day1-baseline
T0200,A0073,P004,B013,2026-09-17,2026-09-17 22:19:00,120439,Card,FAILED,INR,EMI Payment,False,False,,208,50,67,day1-baseline,day1-baseline
T0744,A0137,P013,B075,2026-01-11,2026-01-11 09:49:00,153665,NetBanking,PENDING,INR,Bill Payment,False,False,DATE_RECONCILED_TO_TIMESTAMP;IS_REFUND_DEFAULTED,230,43,77,day1-baseline,day1-baseline
T0468,A0054,P036,B007,2026-04-30,2026-04-30 00:59:00,133222,Cash,SUCCESS,INR,Online Purchase,False,False,,170,27,54,day1-baseline,day1-baseline
T0838,A0111,P067,B012,2026-04-12,2026-04-12 03:22:00,162376,NetBanking,FAILED,INR,,False,False,,234,104,22,day1-baseline,day1-baseline
T0190,A0114,P095,B032,2026-08-09,2026-08-09 03:13:00,137426,NetBanking,PENDING,INR,Fund Transfer,False,False,,24,8,2,day1-baseline,day1-baseline
T0155,A0125,P042,B059,2026-02-05,2026-02-05 19:06:00,89528,Cash,FAILED,INR,,False,False,,144,82,96,day1-baseline,day1-baseline
T0449,A3209,P026,B075,2025-08-25,2025-08-25 14:17:00,52347,Cash,SUCCESS,INR,EMI Payment,False,False,,107,48,77,day1-baseline,day1-baseline
T0286,A0126,P091,B393,2025-09-13,2025-09-13 05:09:00,172850,Cash,PENDING,INR,Online Purchase,False,False,,62,83,75,day1-baseline,day1-baseline
T0465,A0010,P035,B598,2025-07-16,2025-07-16 09:07:00,54786,NetBanking,FAILED,INR,EMI Payment,False,False,DATE_RECONCILED_TO_TIMESTAMP,96,99,35,day1-baseline,day1-baseline
T0181,A4718,P075,B287,2026-06-06,2026-06-06 21:44:00,189113,Cash,SUCCESS,INR,ATM Withdrawal,False,False,IS_REFUND_DEFAULTED,54,42,89,day1-baseline,day1-baseline
T0878,A2199,P024,B182,2026-06-18,2026-06-18 11:05:00,127199,UPI,SUCCESS,INR,,False,False,IS_REFUND_DEFAULTED,19,91,95,day1-baseline,day1-baseline
T0237,A0008,P050,B043,2026-03-28,2026-03-28 09:30:00,108378,Cash,SUCCESS,INR,,True,False,,202,19,50,day1-baseline,day1-baseline
T0108,A0127,P057,B184,2026-07-29,2026-07-29 04:54:00,156217,UPI,FAILED,INR,ATM Withdrawal,False,False,,73,72,37,day1-baseline,day1-baseline
T0232,A7248,P068,B041,2026-02-03,2026-02-03 04:57:00,175421,NetBanking,PENDING,INR,Bill Payment,False,False,DATE_RECONCILED_TO_TIMESTAMP,86,6,11,day1-baseline,day1-baseline
T0644,A0043,P610,B005,2025-10-29,2025-10-29 09:59:00,84209,UPI,FAILED,INR,EMI Payment,False,False,,44,49,44,day1-baseline,day1-baseline
T0279,A0155,P081,B019,2025-07-08,2025-07-08 06:18:00,155970,Cash,PENDING,INR,Salary Credit,False,False,IS_REFUND_DEFAULTED,134,20,81,day1-baseline,day1-baseline
T0420,A0105,P058,B288,2025-08-06,2025-08-06 03:10:00,128566,NetBanking,PENDING,INR,Bill Payment,False,False,,94,84,6,day1-baseline,day1-baseline
T0040,A5231,P043,B183,2025-10-15,2025-10-15 22:37:00,113522,Cash,FAILED,INR,Salary Credit,False,False,DATE_RECONCILED_TO_TIMESTAMP,142,30,49,day1-baseline,day1-baseline
T0269,A6235,P041,B063,2026-05-28,2026-05-28 06:44:00,20951,NetBanking,SUCCESS,INR,,False,False,,70,10,87,day1-baseline,day1-baseline
T0502,A3210,P027,B072,2026-05-07,2026-05-07 05:41:00,183985,UPI,FAILED,INR,Salary Credit,False,False,,203,9,64,day1-baseline,day1-baseline
T0874,A2193,P003,B070,2026-02-28,2026-02-28 21:23:00,64988,UPI,SUCCESS,INR,Fund Transfer,False,False,DATE_RECONCILED_TO_TIMESTAMP,224,81,5,day1-baseline,day1-baseline
T0776,A5231,P056,B057,2026-04-09,2026-04-09 20:04:00,16096,Card,FAILED,INR,Fund Transfer,False,False,DATE_RECONCILED_TO_TIMESTAMP;IS_REFUND_DEFAULTED,142,34,86,day1-baseline,day1-baseline
T0873,A0148,P080,B071,2025-12-20,2025-12-20 00:36:00,127503,NetBanking,FAILED,INR,Salary Credit,False,False,IS_REFUND_DEFAULTED,38,85,76,day1-baseline,day1-baseline
T0255,A2200,P504,B055,2026-01-17,2026-01-17 06:39:00,169434,Card,PENDING,INR,Bill Payment,False,False,DATE_RECONCILED_TO_TIMESTAMP,124,75,90,day1-baseline,day1-baseline
T0880,A0145,P093,B068,2025-12-11,2025-12-11 03:34:00,72928,Card,FAILED,INR,Online Purchase,False,False,,3,31,72,day1-baseline,day1-baseline
T0037,A7249,P090,B021,2025-08-24,2025-08-24 02:27:00,103238,Card,FAILED,INR,,True,False,,130,7,53,day1-baseline,day1-baseline
T0553,A0002,P036,B052,2025-12-22,2025-12-22 13:32:00,144755,Card,FAILED,INR,Bill Payment,False,False,,229,27,91,day1-baseline,day1-baseline
T0728,A7249,P046,B041,2026-04-20,2026-04-20 05:09:00,155827,UPI,FAILED,INR,Online Purchase,False,False,,130,18,11,day1-baseline,day1-baseline
T0833,A0125,P001,B289,2025-11-02,2025-11-02 15:25:00,52427,NetBanking,PENDING,INR,Online Purchase,False,False,DATE_RECONCILED_TO_TIMESTAMP,144,40,47,day1-baseline,day1-baseline
T0806,A0114,P035,B068,2026-08-04,2026-08-04 20:48:00,102199,Cash,PENDING,INR,,False,False,DATE_AMBIGUOUS_RESOLVED_BY_TS,24,99,72,day1-baseline,day1-baseline
T0841,A0033,P092,B008,2025-09-25,2025-09-25 07:59:00,72203,NetBanking,PENDING,INR,Bill Payment,False,False,,141,32,93,day1-baseline,day1-baseline
T0635,A5233,P067,B495,2026-06-12,2026-06-12 13:16:00,80585,Cash,SUCCESS,INR,Online Purchase,False,False,DATE_RECONCILED_TO_TIMESTAMP,120,104,38,day1-baseline,day1-baseline
T0415,A0001,P084,B066,2026-03-24,2026-03-24 02:42:00,172152,Card,SUCCESS,INR,Fund Transfer,False,False,DATE_RECONCILED_TO_TIMESTAMP,15,97,58,day1-baseline,day1-baseline
T0283,A0045,P083,B071,2026-09-06,2026-09-06 12:42:00,2060,Card,FAILED,INR,,False,False,,29,69,76,day1-baseline,day1-baseline
T0344,A5222,P506,B011,2026-07-06,2026-07-06 10:30:00,178379,Cash,PENDING,INR,Bill Payment,False,False,DATE_AMBIGUOUS_RESOLVED_BY_TS;IS_REFUND_DEFAULTED,138,55,84,day1-baseline,day1-baseline
T0230,A0081,P048,B039,2026-03-03,2026-03-03 18:57:00,116977,UPI,SUCCESS,INR,Salary Credit,True,False,DATE_RECONCILED_TO_TIMESTAMP,185,13,97,day1-baseline,day1-baseline
T0743,A0134,P505,B013,2025-11-08,2025-11-08 21:39:00,150178,UPI,PENDING,INR,Salary Credit,False,False,DATE_AMBIGUOUS_RESOLVED_BY_TS,1,95,67,day1-baseline,day1-baseline
T0899,A0050,P014,B496,2026-08-14,2026-08-14 10:52:00,84669,Cash,PENDING,INR,Salary Credit,False,False,,159,76,10,day1-baseline,day1-baseline
T0783,A4721,P026,B020,2026-05-25,2026-05-25 10:06:00,59390,Cash,FAILED,INR,,False,False,,113,48,24,day1-baseline,day1-baseline
T0707,A0032,P056,B064,2026-09-25,2026-09-25 20:36:00,170912,Card,FAILED,INR,Bill Payment,False,False,DATE_RECONCILED_TO_TIMESTAMP,179,34,46,day1-baseline,day1-baseline
T0886,A0018,P013,B600,2026-08-10,2026-08-10 12:26:00,35173,Cash,SUCCESS,INR,Fund Transfer,False,False,,149,43,70,day1-baseline,day1-baseline
T0140,A0156,P086,B287,2026-01-19,2026-01-19 10:34:00,12511,UPI,SUCCESS,INR,Salary Credit,False,False,DATE_RECONCILED_TO_TIMESTAMP,210,41,89,day1-baseline,day1-baseline
T0607,A0094,P028,B032,2025-07-16,2025-07-16 23:06:00,90341,Card,FAILED,INR,Bill Payment,True,False,DATE_RECONCILED_TO_TIMESTAMP,131,66,2,day1-baseline,day1-baseline
T0162,A0163,P069,B026,2026-07-20,2026-07-20 16:23:00,131201,NetBanking,FAILED,INR,Salary Credit,False,False,,190,96,57,day1-baseline,day1-baseline
T0831,A0018,P061,B287,2026-06-15,2026-06-15 07:54:00,106621,Card,SUCCESS,INR,,False,False,,149,28,89,day1-baseline,day1-baseline
T0683,A0018,P038,B061,2026-07-06,2026-07-06 22:05:00,172994,Card,FAILED,INR,Online Purchase,False,False,IS_REFUND_DEFAULTED,149,89,13,day1-baseline,day1-baseline
T0019,A0053,P083,B038,2026-06-18,2026-06-18 16:58:00,35955,Cash,SUCCESS,INR,Online Purchase,False,False,,32,69,71,day1-baseline,day1-baseline
T0029,A0106,P075,B037,2026-04-19,2026-04-19 23:40:00,139160,UPI,FAILED,INR,Salary Credit,False,False,DATE_RECONCILED_TO_TIMESTAMP,167,42,33,day1-baseline,day1-baseline
T0294,A2199,P057,B028,2025-12-07,2025-12-07 01:34:00,183350,UPI,PENDING,INR,ATM Withdrawal,False,False,DATE_AMBIGUOUS_RESOLVED_BY_TS;IS_REFUND_DEFAULTED,19,72,65,day1-baseline,day1-baseline
T0424,A2200,P077,B028,2025-08-23,2025-08-23 21:14:00,2047,Cash,SUCCESS,INR,Online Purchase,False,False,DATE_RECONCILED_TO_TIMESTAMP,124,3,65,day1-baseline,day1-baseline
T0858,A6239,P058,B063,2026-07-30,2026-07-30 07:20:00,79795,NetBanking,PENDING,INR,EMI Payment,True,False,DATE_RECONCILED_TO_TIMESTAMP,48,84,87,day1-baseline,day1-baseline
T0242,A0013,P055,B063,2026-07-29,2026-07-29 16:33:00,191529,UPI,PENDING,INR,Fund Transfer,False,False,,22,29,87,day1-baseline,day1-baseline
T0565,A0016,P053,B004,2025-10-08,2025-10-08 06:12:00,119478,Card,PENDING,INR,Bill Payment,False,False,DATE_RECONCILED_TO_TIMESTAMP,17,94,94,day1-baseline,day1-baseline
T0088,A0070,P081,B074,2026-03-16,2026-03-16 03:52:00,152054,Cash,SUCCESS,INR,,False,False,IS_REFUND_DEFAULTED,83,20,42,day1-baseline,day1-baseline
T0453,A0087,P094,B044,2025-07-19,2025-07-19 06:14:00,153261,Card,SUCCESS,INR,Fund Transfer,False,False,DATE_RECONCILED_TO_TIMESTAMP,69,4,60,day1-baseline,day1-baseline
T0078,A0013,P095,B495,2026-08-05,2026-08-05 08:12:00,6410,NetBanking,FAILED,INR,Fund Transfer,True,False,,22,8,38,day1-baseline,day1-baseline
T0621,A0004,P081,B391,2026-08-27,2026-08-27 08:34:00,143817,Card,PENDING,INR,Online Purchase,False,False,,91,20,19,day1-baseline,day1-baseline
T0297,A6234,P022,B010,2026-05-12,2026-05-12 11:22:00,51263,UPI,FAILED,INR,Bill Payment,False,False,,103,54,85,day1-baseline,day1-baseline
T0579,A0010,P061,B068,2026-08-05,2026-08-05 03:14:00,132746,UPI,FAILED,INR,,False,False,,96,28,72,day1-baseline,day1-baseline
T0756,A0100,P022,B020,2026-04-12,2026-04-12 02:22:00,46136,UPI,PENDING,INR,EMI Payment,False,False,DATE_RECONCILED_TO_TIMESTAMP,238,54,24,day1-baseline,day1-baseline
T0243,A0160,P034,B050,2026-04-17,2026-04-17 15:06:00,4416,Cash,PENDING,INR,ATM Withdrawal,False,False,,92,26,28,day1-baseline,day1-baseline
T0706,A0066,P045,B600,2025-08-15,2025-08-15 06:24:00,91610,Cash,FAILED,INR,Salary Credit,False,False,,71,57,70,day1-baseline,day1-baseline
T0236,A0143,P712,B054,2025-07-14,2025-07-14 13:23:00,14677,Cash,SUCCESS,INR,Salary Credit,True,False,,181,15,18,day1-baseline,day1-baseline
T0216,A2186,P092,B009,2026-02-05,2026-02-05 17:51:00,71143,Cash,FAILED,INR,Bill Payment,False,False,DATE_AMBIGUOUS_RESOLVED_BY_TS,186,32,80,day1-baseline,day1-baseline
T0012,A0162,P024,B007,2025-11-26,2025-11-26 04:08:00,88624,UPI,FAILED,INR,Salary Credit,False,False,,236,91,54,day1-baseline,day1-baseline
T0689,A0132,P712,B287,2025-08-31,2025-08-31 02:23:00,191836,UPI,SUCCESS,INR,,False,False,DATE_RECONCILED_TO_TIMESTAMP,165,15,89,day1-baseline,day1-baseline
T0319,A0151,P066,B011,2025-12-26,2025-12-26 21:11:00,79169,UPI,PENDING,INR,,False,False,,100,33,84,day1-baseline,day1-baseline
T0891,A6237,P029,B392,2026-01-20,2026-01-20 05:55:00,44507,UPI,PENDING,INR,Online Purchase,False,False,,127,36,25,day1-baseline,day1-baseline
T0160,A0039,P074,B078,2025-10-16,2025-10-16 07:23:00,98109,Cash,SUCCESS,INR,Online Purchase,False,False,,6,17,82,day1-baseline,day1-baseline
T0421,A0096,P004,B016,2026-04-11,2026-04-11 06:08:00,136349,Card,FAILED,INR,Salary Credit,False,False,,184,50,16,day1-baseline,day1-baseline
T0660,A0018,P713,B067,2026-08-27,2026-08-27 00:38:00,9416,UPI,FAILED,INR,ATM Withdrawal,False,False,DATE_RECONCILED_TO_TIMESTAMP;IS_REFUND_DEFAULTED,149,45,39,day1-baseline,day1-baseline
T0877,A6243,P084,B020,2026-05-08,2026-05-08 00:49:00,71523,UPI,SUCCESS,INR,EMI Payment,False,False,DATE_RECONCILED_TO_TIMESTAMP,177,97,24,day1-baseline,day1-baseline
T0592,A2187,P012,B050,2026-05-31,2026-05-31 07:50:00,151915,Cash,FAILED,INR,Online Purchase,False,False,,72,70,28,day1-baseline,day1-baseline
T0302,A1182,P082,B076,2026-07-09,2026-07-09 01:51:00,29128,NetBanking,FAILED,INR,ATM Withdrawal,False,False,DATE_AMBIGUOUS_RESOLVED_BY_TS,8,87,40,day1-baseline,day1-baseline
T0154,A2190,P026,B070,2026-08-15,2026-08-15 14:03:00,79528,Cheque,SUCCESS,INR,,False,False,DATE_RECONCILED_TO_TIMESTAMP,223,48,5,day1-baseline,day1-baseline
T0036,A0059,P039,B040,2025-11-18,2025-11-18 03:00:00,163801,UPI,SUCCESS,INR,EMI Payment,False,False,DATE_RECONCILED_TO_TIMESTAMP,45,35,34,day1-baseline,day1-baseline
T0771,A0042,P072,B022,2025-12-10,2025-12-10 00:36:00,108440,Cash,SUCCESS,INR,EMI Payment,False,False,,163,58,32,day1-baseline,day1-baseline
T0786,A0161,P051,B070,2026-02-09,2026-02-09 01:25:00,150257,Card,PENDING,INR,EMI Payment,False,False,DATE_AMBIGUOUS_RESOLVED_BY_TS;IS_REFUND_DEFAULTED,137,62,5,day1-baseline,day1-baseline
T0381,A0129,P050,B055,2025-12-21,2025-12-21 22:47:00,113850,Cash,PENDING,INR,Salary Credit,False,False,,216,19,90,day1-baseline,day1-baseline
T0089,A0079,P076,B026,2025-12-29,2025-12-29 12:27:00,56670,Cash,PENDING,INR,Bill Payment,False,False,DATE_RECONCILED_TO_TIMESTAMP,171,46,57,day1-baseline,day1-baseline
T0219,A0135,P058,B497,2026-06-27,2026-06-27 03:44:00,191984,Cash,SUCCESS,INR,ATM Withdrawal,False,False,,20,84,31,day1-baseline,day1-baseline
T0851,A0111,P067,B046,2025-09-06,2025-09-06 12:48:00,61799,Cash,FAILED,INR,Bill Payment,False,False,,234,104,41,day1-baseline,day1-baseline
T0751,A7246,P504,B005,2026-09-08,2026-09-08 07:34:00,59541,UPI,SUCCESS,INR,Salary Credit,False,False,,78,75,44,day1-baseline,day1-baseline
T0003,A0094,P086,B046,2026-09-14,2026-09-14 02:33:00,41138,NetBanking,SUCCESS,INR,Salary Credit,False,False,,131,41,41,day1-baseline,day1-baseline
T0747,A0134,P068,B392,2026-09-28,2026-09-28 19:22:00,169595,Card,FAILED,INR,EMI Payment,False,False,DATE_RECONCILED_TO_TIMESTAMP,1,6,25,day1-baseline,day1-baseline
T0626,A0018,P058,B023,2026-02-11,2026-02-11 16:24:00,149193,UPI,SUCCESS,INR,Fund Transfer,False,False,,149,84,29,day1-baseline,day1-baseline
T0529,A0067,P005,B392,2025-11-21,2025-11-21 20:37:00,118422,Card,FAILED,INR,,False,False,DATE_RECONCILED_TO_TIMESTAMP,50,47,25,day1-baseline,day1-baseline
T0300,A6236,P038,B599,2025-10-29,2025-10-29 22:28:00,170869,NetBanking,SUCCESS,INR,Online Purchase,False,False,DATE_RECONCILED_TO_TIMESTAMP,55,89,36,day1-baseline,day1-baseline
T0493,A0112,P052,B013,2025-08-04,2025-08-04 06:19:00,133332,Cash,FAILED,INR,Online Purchase,True,False,,123,61,67,day1-baseline,day1-baseline
T0570,A0039,P505,B044,2026-01-23,2026-01-23 03:29:00,125889,Card,SUCCESS,INR,Salary Credit,True,False,,6,95,60,day1-baseline,day1-baseline
T0573,A3203,P014,B070,2026-02-07,2026-02-07 19:45:00,181748,Cash,PENDING,INR,Salary Credit,False,False,DATE_AMBIGUOUS_RESOLVED_BY_TS,194,76,5,day1-baseline,day1-baseline
T0170,A0012,P004,B183,2026-03-02,2026-03-02 12:57:00,54627,UPI,FAILED,INR,ATM Withdrawal,False,False,,221,50,49,day1-baseline,day1-baseline
T0386,A0147,P086,B036,2025-09-18,2025-09-18 04:44:00,123658,Card,SUCCESS,INR,Fund Transfer,False,False,DATE_RECONCILED_TO_TIMESTAMP;IS_REFUND_DEFAULTED,176,41,78,day1-baseline,day1-baseline
T0370,A5227,P039,B013,2025-08-02,2025-08-02 04:33:00,79866,Cheque,FAILED,INR,Online Purchase,False,False,,64,35,67,day1-baseline,day1-baseline
T0650,A0163,P076,B027,2026-02-21,2026-02-21 09:45:00,24148,Cash,FAILED,INR,Salary Credit,False,False,,190,46,56,day1-baseline,day1-baseline
T0440,A0018,P037,B062,2026-07-17,2026-07-17 21:05:00,83966,Cash,FAILED,INR,Fund Transfer,False,False,DATE_RECONCILED_TO_TIMESTAMP,149,98,92,day1-baseline,day1-baseline
T0595,A5229,P015,B289,2025-07-23,2025-07-23 08:48:00,145782,NetBanking,SUCCESS,INR,EMI Payment,False,False,DATE_RECONCILED_TO_TIMESTAMP,87,88,47,day1-baseline,day1-baseline
T0226,A7251,P093,B036,2026-05-29,2026-05-29 19:23:00,85581,UPI,SUCCESS,INR,EMI Payment,True,False,,13,31,78,day1-baseline,day1-baseline
T0431,A0034,P073,B016,2026-05-18,2026-05-18 08:44:00,65876,Card,PENDING,INR,Bill Payment,False,False,,99,68,16,day1-baseline,day1-baseline
T0109,A0109,P005,B043,2026-09-26,2026-09-26 00:01:00,146915,Card,FAILED,INR,Bill Payment,False,False,,21,47,50,day1-baseline,day1-baseline
T0284,A0087,P052,B065,2026-04-26,2026-04-26 23:45:00,14398,Card,PENDING,INR,,False,False,,69,61,69,day1-baseline,day1-baseline
T0527,A0059,P048,B020,2026-06-22,2026-06-22 18:12:00,165348,Card,PENDING,INR,Online Purchase,False,False,,45,13,24,day1-baseline,day1-baseline
T0406,A0164,P503,B020,2026-01-15,2026-01-15 22:50:00,95912,UPI,SUCCESS,INR,,False,False,IS_REFUND_DEFAULTED,98,101,24,day1-baseline,day1-baseline
T0533,A4718,P037,B010,2026-09-26,2026-09-26 18:57:00,154016,Card,PENDING,INR,Online Purchase,False,False,,54,98,85,day1-baseline,day1-baseline
T0328,A0136,P056,B018,2026-04-06,2026-04-06 20:15:00,84867,Cash,SUCCESS,INR,ATM Withdrawal,False,False,,97,34,1,day1-baseline,day1-baseline
T0133,A0089,P045,B024,2026-05-13,2026-05-13 22:22:00,170567,Card,FAILED,INR,Salary Credit,False,False,,169,57,48,day1-baseline,day1-baseline
T0803,A0156,P084,B053,2026-04-27,2026-04-27 17:01:00,106708,Cash,SUCCESS,INR,ATM Withdrawal,False,False,,210,97,61,day1-baseline,day1-baseline
T0513,A1176,P046,B601,2025-10-08,2025-10-08 20:22:00,8309,NetBanking,SUCCESS,INR,Salary Credit,False,False,,16,18,21,day1-baseline,day1-baseline
T0828,A6234,P006,B063,2026-02-18,2026-02-18 17:41:00,80119,UPI,FAILED,INR,Online Purchase,False,False,,103,53,87,day1-baseline,day1-baseline
T0685,A0082,P056,B078,2026-06-30,2026-06-30 08:46:00,167152,UPI,FAILED,INR,,False,False,,136,34,82,day1-baseline,day1-baseline
T0163,A0047,P034,B070,2026-02-03,2026-02-03 12:36:00,41711,UPI,SUCCESS,INR,Online Purchase,False,False,DATE_RECONCILED_TO_TIMESTAMP,157,26,5,day1-baseline,day1-baseline
T0734,A0013,P402,B026,2026-04-28,2026-04-28 19:17:00,151329,UPI,SUCCESS,INR,Bill Payment,False,False,IS_REFUND_DEFAULTED,22,103,57,day1-baseline,day1-baseline
T0823,A3206,P031,B017,2025-08-24,2025-08-24 01:49:00,77708,NetBanking,SUCCESS,INR,Bill Payment,False,False,,88,105,79,day1-baseline,day1-baseline
T0069,A0054,P079,B047,2026-02-23,2026-02-23 22:25:00,48982,Cash,FAILED,INR,Online Purchase,True,False,,170,102,55,day1-baseline,day1-baseline
T0317,A5226,P075,B053,2026-06-18,2026-06-18 10:57:00,10555,Cash,FAILED,INR,Online Purchase,False,False,DATE_RECONCILED_TO_TIMESTAMP,37,42,61,day1-baseline,day1-baseline
T0375,A0038,P008,B007,2026-07-26,2026-07-26 01:26:00,93197,Card,FAILED,INR,Bill Payment,False,False,,75,39,54,day1-baseline,day1-baseline
T0625,A7249,P078,B287,2026-02-12,2026-02-12 08:26:00,136021,NetBanking,PENDING,INR,Salary Credit,False,False,DATE_RECONCILED_TO_TIMESTAMP,130,1,89,day1-baseline,day1-baseline
T0472,A0099,P033,B035,2025-07-06,2025-07-06 16:50:00,3689,UPI,PENDING,INR,Online Purchase,False,False,,11,25,27,day1-baseline,day1-baseline
T0848,A0161,P045,B060,2026-04-01,2026-04-01 11:47:00,59585,NetBanking,FAILED,INR,Bill Payment,False,False,DATE_RECONCILED_TO_TIMESTAMP,137,57,30,day1-baseline,day1-baseline
T0546,A0087,P007,B042,2026-07-27,2026-07-27 11:12:00,138443,Cash,FAILED,INR,Fund Transfer,False,False,DATE_RECONCILED_TO_TIMESTAMP,69,79,83,day1-baseline,day1-baseline
T0293,A0157,P026,B075,2025-08-30,2025-08-30 15:14:00,13994,UPI,PENDING,INR,EMI Payment,False,False,DATE_RECONCILED_TO_TIMESTAMP,102,48,77,day1-baseline,day1-baseline
T0483,A0139,P402,B038,2025-08-21,2025-08-21 13:45:00,116926,UPI,FAILED,INR,Salary Credit,False,False,,104,103,71,day1-baseline,day1-baseline
T0451,A0002,P043,B063,2025-08-11,2025-08-11 02:31:00,105504,Cash,PENDING,INR,,False,False,DATE_AMBIGUOUS_RESOLVED_BY_TS,229,30,87,day1-baseline,day1-baseline
T0099,A0058,P032,B072,2026-08-26,2026-08-26 09:27:00,174421,Card,FAILED,INR,Salary Credit,False,False,,116,60,64,day1-baseline,day1-baseline
T0233,A0076,P402,B018,2026-02-14,2026-02-14 23:50:00,125918,Card,SUCCESS,INR,Online Purchase,False,False,DATE_RECONCILED_TO_TIMESTAMP,191,103,1,day1-baseline,day1-baseline
T0042,A0003,P042,B391,2026-04-22,2026-04-22 06:43:00,83494,Cash,FAILED,INR,ATM Withdrawal,False,False,IS_REFUND_DEFAULTED,183,82,19,day1-baseline,day1-baseline
T0320,A0081,P006,B040,2025-12-11,2025-12-11 21:07:00,91615,NetBanking,SUCCESS,INR,,False,False,DATE_RECONCILED_TO_TIMESTAMP,185,53,34,day1-baseline,day1-baseline
T0196,A0015,P060,B497,2026-04-30,2026-04-30 23:07:00,150666,Card,PENDING,INR,Fund Transfer,False,False,,53,14,31,day1-baseline,day1-baseline
T0680,A5233,P076,B033,2026-01-30,2026-01-30 12:29:00,11137,UPI,PENDING,INR,,False,False,,120,46,8,day1-baseline,day1-baseline
T0288,A0121,P079,B053,2026-03-26,2026-03-26 02:11:00,172445,UPI,FAILED,INR,,False,False,,85,102,61,day1-baseline,day1-baseline
T0714,A0049,P027,B041,2026-09-29,2026-09-29 05:12:00,107296,NetBanking,PENDING,INR,Bill Payment,False,False,DATE_RECONCILED_TO_TIMESTAMP,52,9,11,day1-baseline,day1-baseline
T0642,A0015,P045,B068,2025-08-27,2025-08-27 20:42:00,144602,Cash,FAILED,INR,Bill Payment,False,False,DATE_RECONCILED_TO_TIMESTAMP;IS_REFUND_DEFAULTED,53,57,72,day1-baseline,day1-baseline
T0615,A0126,P503,B061,2026-01-06,2026-01-06 21:44:00,161773,Cash,PENDING,INR,Salary Credit,False,False,DATE_RECONCILED_TO_TIMESTAMP;IS_REFUND_DEFAULTED,62,101,13,day1-baseline,day1-baseline
T0093,A1182,P038,B061,2025-09-30,2025-09-30 21:20:00,40538,Card,PENDING,INR,EMI Payment,False,False,,8,89,13,day1-baseline,day1-baseline
T0151,A1171,P091,B060,2026-05-25,2026-05-25 20:03:00,85172,UPI,SUCCESS,INR,EMI Payment,False,False,IS_REFUND_DEFAULTED,148,83,30,day1-baseline,day1-baseline
T0623,A4721,P049,B014,2025-07-23,2025-07-23 10:35:00,134467,UPI,PENDING,INR,Bill Payment,False,False,,113,52,88,day1-baseline,day1-baseline
T0257,A0161,P094,B031,2026-05-20,2026-05-20 05:15:00,171554,NetBanking,FAILED,INR,ATM Withdrawal,False,False,,137,4,45,day1-baseline,day1-baseline
T0173,A0012,P049,B044,2025-08-09,2025-08-09 16:49:00,85962,NetBanking,FAILED,INR,Online Purchase,False,False,,221,52,60,day1-baseline,day1-baseline
T0443,A0144,P081,B289,2026-05-07,2026-05-07 23:31:00,113970,Cash,SUCCESS,INR,ATM Withdrawal,False,False,DATE_RECONCILED_TO_TIMESTAMP,119,20,47,day1-baseline,day1-baseline
T0144,A1182,P007,B183,2026-04-27,2026-04-27 07:48:00,145913,Card,SUCCESS,INR,,False,False,,8,79,49,day1-baseline,day1-baseline
T0599,A3202,P023,B078,2026-05-13,2026-05-13 23:02:00,117544,Card,FAILED,INR,Salary Credit,True,False,DATE_RECONCILED_TO_TIMESTAMP,180,11,82,day1-baseline,day1-baseline
T0861,A0030,P023,B030,2025-07-28,2025-07-28 19:09:00,108573,Cash,SUCCESS,INR,Salary Credit,False,False,DATE_RECONCILED_TO_TIMESTAMP,158,11,62,day1-baseline,day1-baseline
T0020,A0111,P016,B183,2026-08-03,2026-08-03 06:06:00,34983,Card,SUCCESS,INR,Online Purchase,False,False,DATE_RECONCILED_TO_TIMESTAMP,234,38,49,day1-baseline,day1-baseline
T0651,A0022,P010,B068,2025-09-11,2025-09-11 15:21:00,134777,Card,FAILED,INR,Online Purchase,False,False,DATE_AMBIGUOUS_RESOLVED_BY_TS,172,51,72,day1-baseline,day1-baseline
T0587,A0111,P061,B011,2026-07-04,2026-07-04 20:26:00,39744,Cash,SUCCESS,INR,Bill Payment,False,False,DATE_AMBIGUOUS_RESOLVED_BY_TS,234,28,84,day1-baseline,day1-baseline
T0898,A5226,P082,B025,2025-10-02,2025-10-02 00:36:00,25120,Card,PENDING,INR,Online Purchase,False,False,DATE_RECONCILED_TO_TIMESTAMP,37,87,26,day1-baseline,day1-baseline
T0307,A0019,P005,B017,2025-09-21,2025-09-21 09:59:00,39838,UPI,PENDING,INR,Fund Transfer,True,False,,218,47,79,day1-baseline,day1-baseline
T0867,A0107,P056,B010,2025-08-30,2025-08-30 22:36:00,118928,Card,SUCCESS,INR,Online Purchase,True,False,,95,34,85,day1-baseline,day1-baseline
T0387,A0035,P011,B019,2025-07-16,2025-07-16 09:25:00,164421,NetBanking,SUCCESS,INR,Online Purchase,False,False,IS_REFUND_DEFAULTED,197,23,81,day1-baseline,day1-baseline
T0363,A0063,P027,B064,2026-08-02,2026-08-02 19:41:00,140529,Cash,FAILED,INR,Online Purchase,False,False,DATE_RECONCILED_TO_TIMESTAMP;IS_REFUND_DEFAULTED,112,9,46,day1-baseline,day1-baseline
T0817,A0004,P024,B497,2025-10-26,2025-10-26 23:03:00,57257,NetBanking,SUCCESS,INR,EMI Payment,False,False,,91,91,31,day1-baseline,day1-baseline
T0476,A3210,P014,B028,2026-03-19,2026-03-19 22:37:00,182755,NetBanking,FAILED,INR,EMI Payment,False,False,,203,76,65,day1-baseline,day1-baseline
T0864,A0059,P067,B078,2026-05-01,2026-05-01 20:11:00,168776,Cash,PENDING,INR,ATM Withdrawal,False,False,DATE_AMBIGUOUS_RESOLVED_BY_TS,45,104,82,day1-baseline,day1-baseline
T0014,A0127,P071,B012,2025-09-13,2025-09-13 07:12:00,180162,Card,PENDING,INR,Bill Payment,False,False,,73,44,22,day1-baseline,day1-baseline
T0540,A2188,P049,B050,2025-12-12,2025-12-12 01:23:00,81797,NetBanking,SUCCESS,INR,Salary Credit,False,False,,28,52,28,day1-baseline,day1-baseline
T0277,A0121,P094,B044,2025-08-15,2025-08-15 06:58:00,99532,Card,FAILED,INR,Salary Credit,False,False,DATE_RECONCILED_TO_TIMESTAMP,85,4,60,day1-baseline,day1-baseline
T0399,A1185,P075,B030,2026-07-01,2026-07-01 15:15:00,154059,NetBanking,FAILED,INR,Fund Transfer,False,False,DATE_RECONCILED_TO_TIMESTAMP,154,42,62,day1-baseline,day1-baseline
T0372,A1178,P075,B029,2026-03-30,2026-03-30 07:21:00,72665,NetBanking,FAILED,INR,Bill Payment,False,False,DATE_RECONCILED_TO_TIMESTAMP,152,42,23,day1-baseline,day1-baseline
T0215,A0092,P503,B071,2025-08-24,2025-08-24 00:22:00,189881,UPI,PENDING,INR,ATM Withdrawal,False,False,DATE_RECONCILED_TO_TIMESTAMP,217,101,76,day1-baseline,day1-baseline
T0113,A3206,P030,B048,2026-03-10,2026-03-10 14:08:00,24000,Cash,PENDING,INR,EMI Payment,False,False,,88,71,17,day1-baseline,day1-baseline
T0569,A0008,P505,B073,2026-02-04,2026-02-04 07:55:00,141889,NetBanking,SUCCESS,INR,Fund Transfer,False,False,,202,95,59,day1-baseline,day1-baseline
T0345,A0148,P021,B030,2026-04-17,2026-04-17 04:08:00,174408,Card,SUCCESS,INR,ATM Withdrawal,False,False,DATE_RECONCILED_TO_TIMESTAMP,38,21,62,day1-baseline,day1-baseline
T0611,A0154,P025,B015,2026-07-23,2026-07-23 22:40:00,183067,UPI,FAILED,USD,Fund Transfer,False,False,NON_INR_CURRENCY,56,93,66,day1-baseline,day1-baseline
T0622,A0007,P064,B062,2026-05-16,2026-05-16 02:19:00,19860,Card,SUCCESS,INR,ATM Withdrawal,False,False,,35,67,92,day1-baseline,day1-baseline
T0068,A0093,P022,B070,2026-03-11,2026-03-11 07:05:00,146904,Card,SUCCESS,INR,ATM Withdrawal,False,False,DATE_RECONCILED_TO_TIMESTAMP,121,54,5,day1-baseline,day1-baseline
T0013,A1180,P004,B073,2026-07-12,2026-07-12 07:04:00,70297,UPI,PENDING,INR,,False,False,,46,50,59,day1-baseline,day1-baseline
T0780,A0103,P036,B027,2025-07-18,2025-07-18 05:10:00,25016,Cash,PENDING,INR,,False,False,,7,27,56,day1-baseline,day1-baseline
T0663,A0084,P402,B392,2026-08-13,2026-08-13 21:37:00,68560,Cheque,PENDING,INR,Online Purchase,False,False,,80,103,25,day1-baseline,day1-baseline
T0694,A0067,P046,B050,2026-05-12,2026-05-12 06:57:00,137394,Card,SUCCESS,INR,Bill Payment,False,False,DATE_RECONCILED_TO_TIMESTAMP,50,18,28,day1-baseline,day1-baseline
T0032,A3203,P020,B070,2026-09-16,2026-09-16 10:29:00,109015,Cash,FAILED,INR,,False,False,,194,80,5,day1-baseline,day1-baseline
T0229,A0157,P072,B023,2026-07-20,2026-07-20 00:38:00,26643,UPI,FAILED,USD,Bill Payment,False,False,DATE_RECONCILED_TO_TIMESTAMP;NON_INR_CURRENCY,102,58,29,day1-baseline,day1-baseline
T0050,A6243,P090,B046,2025-09-24,2025-09-24 15:19:00,125350,NetBanking,FAILED,INR,,False,False,IS_REFUND_DEFAULTED,177,7,41,day1-baseline,day1-baseline
T0341,A0038,P061,B183,2026-02-11,2026-02-11 08:05:00,128920,Card,FAILED,INR,ATM Withdrawal,False,False,DATE_RECONCILED_TO_TIMESTAMP,75,28,49,day1-baseline,day1-baseline
T0178,A5228,P068,B005,2026-05-03,2026-05-03 03:45:00,141056,NetBanking,FAILED,INR,,False,False,DATE_AMBIGUOUS_RESOLVED_BY_TS,150,6,44,day1-baseline,day1-baseline
T0063,A0059,P064,B016,2026-04-03,2026-04-03 14:49:00,164723,NetBanking,SUCCESS,INR,Fund Transfer,True,False,,45,67,16,day1-baseline,day1-baseline
T0422,A3206,P038,B021,2026-03-15,2026-03-15 06:49:00,55663,UPI,PENDING,INR,Bill Payment,False,False,,88,89,53,day1-baseline,day1-baseline
T0814,A0078,P402,B393,2025-07-02,2025-07-02 03:56:00,72887,NetBanking,SUCCESS,INR,EMI Payment,False,False,DATE_AMBIGUOUS_RESOLVED_BY_TS,211,103,75,day1-baseline,day1-baseline
T0679,A4719,P068,B049,2026-08-07,2026-08-07 00:16:00,65496,Card,SUCCESS,INR,Bill Payment,False,False,DATE_RECONCILED_TO_TIMESTAMP;IS_REFUND_DEFAULTED,90,6,74,day1-baseline,day1-baseline
T0699,A0056,P004,B022,2026-06-08,2026-06-08 10:14:00,147009,Cash,PENDING,INR,Salary Credit,False,False,DATE_RECONCILED_TO_TIMESTAMP,14,50,32,day1-baseline,day1-baseline
T0638,A0138,P054,B015,2025-12-17,2025-12-17 09:00:00,9875,NetBanking,FAILED,INR,,False,False,,174,64,66,day1-baseline,day1-baseline
T0047,A1179,P073,B076,2026-02-26,2026-02-26 10:26:00,93014,UPI,FAILED,INR,Salary Credit,False,False,,220,68,40,day1-baseline,day1-baseline
T0199,A0077,P079,B029,2026-06-03,2026-06-03 05:01:00,144139,Cash,PENDING,INR,Fund Transfer,False,False,,188,102,23,day1-baseline,day1-baseline
T0419,A5228,P066,B019,2026-09-16,2026-09-16 09:13:00,171768,Card,PENDING,INR,Fund Transfer,True,False,,150,33,81,day1-baseline,day1-baseline
T0252,A0116,P075,B008,2025-09-29,2025-09-29 05:34:00,114762,Cash,SUCCESS,INR,Online Purchase,True,False,,237,42,93,day1-baseline,day1-baseline
T0021,A0130,P503,B053,2026-09-10,2026-09-10 15:08:00,43435,Card,SUCCESS,INR,Online Purchase,True,False,,31,101,61,day1-baseline,day1-baseline
T0464,A5222,P018,B046,2026-05-24,2026-05-24 04:53:00,182412,Cash,SUCCESS,INR,,False,False,,138,90,41,day1-baseline,day1-baseline
T0326,A0117,P073,B010,2026-07-08,2026-07-08 11:48:00,143783,UPI,SUCCESS,INR,,False,False,,67,68,85,day1-baseline,day1-baseline
T0239,A0116,P014,B056,2025-12-08,2025-12-08 12:52:00,100237,Card,PENDING,INR,Salary Credit,False,False,DATE_AMBIGUOUS_RESOLVED_BY_TS,237,76,68,day1-baseline,day1-baseline
T0018,A1182,P039,B056,2026-01-12,2026-01-12 16:43:00,161049,UPI,PENDING,INR,Fund Transfer,False,False,DATE_RECONCILED_TO_TIMESTAMP,8,35,68,day1-baseline,day1-baseline
T0437,A1175,P505,B067,2026-07-17,2026-07-17 02:11:00,24539,Cash,FAILED,INR,ATM Withdrawal,False,False,DATE_RECONCILED_TO_TIMESTAMP,212,95,39,day1-baseline,day1-baseline
T0548,A0160,P609,B061,2026-07-04,2026-07-04 00:00:00,48951,Cash,FAILED,USD,Online Purchase,False,False,DATE_AMBIGUOUS_RESOLVED_BY_TS;NON_INR_CURRENCY;IS_REFUND_DEFAULTED,92,59,13,day1-baseline,day1-baseline
T0739,A7246,P009,B057,2026-03-04,2026-03-04 03:41:00,11889,UPI,FAILED,INR,Bill Payment,False,False,,78,92,86,day1-baseline,day1-baseline
T0542,A0126,P065,B036,2025-11-05,2025-11-05 12:45:00,49700,NetBanking,FAILED,INR,Salary Credit,False,False,,62,22,78,day1-baseline,day1-baseline
T0686,A1176,P034,B069,2025-11-24,2025-11-24 17:44:00,2576,Card,FAILED,INR,EMI Payment,False,False,,16,26,52,day1-baseline,day1-baseline
T0761,A5231,P065,B034,2026-07-10,2026-07-10 21:57:00,174189,NetBanking,PENDING,INR,Salary Credit,False,False,DATE_AMBIGUOUS_RESOLVED_BY_TS,142,22,7,day1-baseline,day1-baseline
T0148,A0057,P087,B019,2026-08-28,2026-08-28 12:11:00,183222,NetBanking,SUCCESS,INR,ATM Withdrawal,False,False,,198,56,81,day1-baseline,day1-baseline
T0839,A0121,P064,B055,2026-08-01,2026-08-01 13:45:00,125759,Card,SUCCESS,INR,,False,False,,85,67,90,day1-baseline,day1-baseline
T0885,A0015,P032,B077,2026-01-03,2026-01-03 09:30:00,190923,Cash,SUCCESS,INR,,False,False,DATE_AMBIGUOUS_RESOLVED_BY_TS,53,60,73,day1-baseline,day1-baseline
T0484,A0152,P077,B495,2025-09-12,2025-09-12 22:04:00,158036,UPI,SUCCESS,INR,Online Purchase,False,False,DATE_RECONCILED_TO_TIMESTAMP,81,3,38,day1-baseline,day1-baseline
T0627,A0125,P011,B078,2026-01-12,2026-01-12 22:02:00,92580,NetBanking,PENDING,INR,Fund Transfer,False,False,DATE_RECONCILED_TO_TIMESTAMP,144,23,82,day1-baseline,day1-baseline
T0603,A0129,P053,B052,2025-07-28,2025-07-28 11:39:00,42955,NetBanking,SUCCESS,INR,Bill Payment,False,False,,216,94,91,day1-baseline,day1-baseline
T0525,A0006,P043,B182,2026-04-09,2026-04-09 04:07:00,70669,UPI,SUCCESS,INR,Bill Payment,False,False,DATE_AMBIGUOUS_RESOLVED_BY_TS,5,30,95,day1-baseline,day1-baseline
T0071,A0054,P030,B181,2025-10-31,2025-10-31 20:30:00,193799,UPI,PENDING,INR,Bill Payment,False,False,,170,71,9,day1-baseline,day1-baseline
T0267,A0153,P061,B069,2026-01-05,2026-01-05 17:00:00,180918,UPI,FAILED,INR,Fund Transfer,False,False,,175,28,52,day1-baseline,day1-baseline
T0180,A1174,P041,B071,2025-09-16,2025-09-16 20:02:00,62907,Cash,PENDING,INR,Bill Payment,False,False,,58,10,76,day1-baseline,day1-baseline
T0762,A6237,P066,B598,2026-08-11,2026-08-11 13:31:00,42410,Cash,FAILED,INR,Salary Credit,False,False,,127,33,35,day1-baseline,day1-baseline
T0110,A0081,P021,B005,2026-02-08,2026-02-08 14:52:00,177082,UPI,PENDING,INR,ATM Withdrawal,False,False,,185,21,44,day1-baseline,day1-baseline
T0778,A0114,P073,B286,2026-01-12,2026-01-12 03:44:00,100503,Card,SUCCESS,INR,EMI Payment,True,False,,24,68,14,day1-baseline,day1-baseline
T0887,A0044,P077,B598,2026-01-15,2026-01-15 16:25:00,13192,NetBanking,PENDING,INR,Fund Transfer,False,False,DATE_RECONCILED_TO_TIMESTAMP,128,3,35,day1-baseline,day1-baseline
T0362,A0004,P093,B047,2025-09-29,2025-09-29 16:41:00,29639,Cash,SUCCESS,INR,Salary Credit,False,False,,91,31,55,day1-baseline,day1-baseline
T0392,A0021,P084,B076,2025-08-19,2025-08-19 10:48:00,136571,Cash,PENDING,INR,Fund Transfer,False,False,,61,97,40,day1-baseline,day1-baseline
T0826,A0023,P081,B021,2025-11-01,2025-11-01 00:34:00,58772,Card,FAILED,INR,Salary Credit,False,False,,209,20,53,day1-baseline,day1-baseline
T0074,A0101,P088,B035,2025-12-23,2025-12-23 10:31:00,156045,UPI,PENDING,INR,EMI Payment,False,False,,195,100,27,day1-baseline,day1-baseline
T0700,A0163,P042,B040,2026-06-02,2026-06-02 02:20:00,191995,Cash,FAILED,INR,Fund Transfer,False,False,,190,82,34,day1-baseline,day1-baseline
T0299,A0121,P087,B025,2025-11-27,2025-11-27 07:33:00,70632,NetBanking,SUCCESS,INR,Salary Credit,False,False,IS_REFUND_DEFAULTED,85,56,26,day1-baseline,day1-baseline
T0425,A0165,P020,B600,2026-03-09,2026-03-09 19:16:00,90978,UPI,PENDING,INR,Online Purchase,False,False,DATE_RECONCILED_TO_TIMESTAMP,228,80,70,day1-baseline,day1-baseline
T0346,A0028,P016,B029,2025-11-03,2025-11-03 04:43:00,146081,NetBanking,PENDING,INR,Fund Transfer,False,False,DATE_RECONCILED_TO_TIMESTAMP,215,38,23,day1-baseline,day1-baseline
T0458,A2190,P712,B012,2025-07-16,2025-07-16 15:11:00,4260,UPI,FAILED,INR,Fund Transfer,True,False,,223,15,22,day1-baseline,day1-baseline
T0396,A0081,P004,B023,2025-12-27,2025-12-27 02:14:00,72908,NetBanking,PENDING,INR,Bill Payment,True,False,DATE_RECONCILED_TO_TIMESTAMP,185,50,29,day1-baseline,day1-baseline
T0006,A0155,P031,B052,2026-08-26,2026-08-26 16:02:00,192992,NetBanking,FAILED,INR,ATM Withdrawal,False,False,,134,105,91,day1-baseline,day1-baseline
T0282,A0053,P087,B072,2025-12-31,2025-12-31 13:29:00,110733,Card,PENDING,INR,EMI Payment,False,False,,32,56,64,day1-baseline,day1-baseline
T0442,A0004,P094,B043,2026-09-19,2026-09-19 12:23:00,4156,Cash,PENDING,INR,Bill Payment,False,False,,91,4,50,day1-baseline,day1-baseline
T0261,A1177,P084,B052,2025-10-10,2025-10-10 21:54:00,188561,NetBanking,PENDING,INR,,False,False,DATE_RECONCILED_TO_TIMESTAMP,111,97,91,day1-baseline,day1-baseline
T0835,A0129,P022,B071,2025-07-03,2025-07-03 05:42:00,194965,Cash,SUCCESS,INR,EMI Payment,False,False,,216,54,76,day1-baseline,day1-baseline
T0103,A0153,P043,B054,2026-03-25,2026-03-25 18:49:00,138193,UPI,FAILED,INR,ATM Withdrawal,False,False,,175,30,18,day1-baseline,day1-baseline
T0506,A3201,P046,B067,2026-03-11,2026-03-11 06:46:00,47820,Cash,FAILED,INR,Fund Transfer,False,False,DATE_AMBIGUOUS_RESOLVED_BY_TS,213,18,39,day1-baseline,day1-baseline
T0368,A0015,P034,B599,2025-10-09,2025-10-09 11:31:00,120908,Card,PENDING,INR,Bill Payment,False,False,DATE_RECONCILED_TO_TIMESTAMP,53,26,36,day1-baseline,day1-baseline
T0409,A0133,P036,B289,2025-12-03,2025-12-03 18:51:00,133657,Cash,SUCCESS,INR,Bill Payment,False,False,,240,27,47,day1-baseline,day1-baseline
T0682,A0124,P085,B045,2026-08-29,2026-08-29 23:21:00,172085,Cash,PENDING,INR,Fund Transfer,False,False,DATE_RECONCILED_TO_TIMESTAMP;IS_REFUND_DEFAULTED,27,37,12,day1-baseline,day1-baseline
T0512,A0084,P054,B016,2025-09-01,2025-09-01 19:17:00,22328,UPI,FAILED,INR,Bill Payment,False,False,,80,64,16,day1-baseline,day1-baseline
T0339,A0108,P039,B288,2026-05-22,2026-05-22 00:19:00,72265,UPI,SUCCESS,INR,EMI Payment,False,False,,106,35,6,day1-baseline,day1-baseline
T0701,A5227,P027,B496,2026-04-18,2026-04-18 21:05:00,151555,UPI,SUCCESS,INR,ATM Withdrawal,True,False,DATE_RECONCILED_TO_TIMESTAMP,64,9,10,day1-baseline,day1-baseline
T0461,A0153,P083,B013,2025-09-28,2025-09-28 11:29:00,91578,NetBanking,SUCCESS,INR,EMI Payment,False,False,IS_REFUND_DEFAULTED,175,69,67,day1-baseline,day1-baseline
T0327,A1178,P070,B041,2025-09-11,2025-09-11 12:39:00,124629,UPI,SUCCESS,INR,Salary Credit,False,False,DATE_RECONCILED_TO_TIMESTAMP,152,12,11,day1-baseline,day1-baseline
T0365,A0060,P093,B062,2025-12-17,2025-12-17 22:16:00,149458,Card,FAILED,INR,ATM Withdrawal,False,False,,117,31,92,day1-baseline,day1-baseline
T0331,A7250,P062,B010,2026-02-25,2026-02-25 19:10:00,18003,UPI,PENDING,INR,Salary Credit,False,False,DATE_RECONCILED_TO_TIMESTAMP,74,24,85,day1-baseline,day1-baseline
T0429,A3208,P091,B052,2026-08-05,2026-08-05 04:26:00,83466,Cash,SUCCESS,INR,,True,False,,239,83,91,day1-baseline,day1-baseline
T0008,A0040,P503,B495,2026-07-07,2026-07-07 07:36:00,143532,NetBanking,SUCCESS,INR,Salary Credit,False,False,IS_REFUND_DEFAULTED,132,101,38,day1-baseline,day1-baseline
T0790,A0102,P079,B041,2025-11-10,2025-11-10 01:03:00,6544,NetBanking,SUCCESS,INR,Online Purchase,False,False,,204,102,11,day1-baseline,day1-baseline
T0801,A0131,P090,B599,2026-01-10,2026-01-10 03:09:00,23275,UPI,SUCCESS,INR,Fund Transfer,False,False,,49,7,36,day1-baseline,day1-baseline
T0428,A7249,P045,B017,2026-05-16,2026-05-16 06:13:00,89021,NetBanking,SUCCESS,INR,EMI Payment,False,False,,130,57,79,day1-baseline,day1-baseline
T0819,A0092,P091,B031,2026-09-01,2026-09-01 10:13:00,190981,Card,FAILED,INR,Online Purchase,False,False,,217,83,45,day1-baseline,day1-baseline
T0061,A1176,P039,B016,2025-11-02,2025-11-02 18:02:00,35462,Cash,SUCCESS,INR,EMI Payment,False,False,DATE_RECONCILED_TO_TIMESTAMP,16,35,16,day1-baseline,day1-baseline
T0557,A3207,P075,B391,2026-09-28,2026-09-28 19:50:00,51474,Card,SUCCESS,INR,Salary Credit,False,False,,59,42,19,day1-baseline,day1-baseline
T0052,A6243,P507,B078,2025-10-01,2025-10-01 00:43:00,2721,UPI,SUCCESS,USD,Salary Credit,False,False,NON_INR_CURRENCY,177,74,82,day1-baseline,day1-baseline
T0123,A0045,P019,B054,2025-10-05,2025-10-05 06:30:00,170532,NetBanking,PENDING,INR,ATM Withdrawal,False,False,,29,2,18,day1-baseline,day1-baseline
T0207,A5228,P027,B390,2025-09-22,2025-09-22 02:16:00,177847,Card,FAILED,INR,Salary Credit,False,False,,150,9,51,day1-baseline,day1-baseline
T0158,A0106,P079,B067,2026-01-31,2026-01-31 03:29:00,11560,NetBanking,PENDING,INR,Online Purchase,False,False,,167,102,39,day1-baseline,day1-baseline
T0456,A2192,P402,B020,2026-07-04,2026-07-04 12:38:00,43821,Cash,FAILED,INR,EMI Payment,True,False,DATE_AMBIGUOUS_RESOLVED_BY_TS,51,103,24,day1-baseline,day1-baseline
T0248,A0132,P056,B390,2025-11-18,2025-11-18 09:55:00,187200,Cash,PENDING,INR,ATM Withdrawal,False,False,,165,34,51,day1-baseline,day1-baseline
T0695,A0093,P047,B046,2025-10-04,2025-10-04 12:38:00,131004,NetBanking,SUCCESS,INR,Bill Payment,False,False,DATE_RECONCILED_TO_TIMESTAMP,121,5,41,day1-baseline,day1-baseline
T0843,A0024,P608,B028,2026-04-30,2026-04-30 07:24:00,2017,Cash,PENDING,INR,Fund Transfer,False,False,DATE_RECONCILED_TO_TIMESTAMP,47,77,65,day1-baseline,day1-baseline
T0397,A0064,P064,B599,2026-06-04,2026-06-04 03:34:00,160417,Cash,PENDING,INR,Salary Credit,False,False,DATE_AMBIGUOUS_RESOLVED_BY_TS,125,67,36,day1-baseline,day1-baseline
T0455,A0128,P610,B288,2025-10-11,2025-10-11 23:47:00,78778,NetBanking,PENDING,INR,Bill Payment,True,False,DATE_AMBIGUOUS_RESOLVED_BY_TS,26,49,6,day1-baseline,day1-baseline
T0704,A5228,P003,B026,2025-10-15,2025-10-15 21:36:00,183550,UPI,SUCCESS,INR,Salary Credit,False,False,,150,81,57,day1-baseline,day1-baseline
T0528,A0096,P073,B050,2025-07-09,2025-07-09 03:36:00,36412,Cash,FAILED,INR,Fund Transfer,False,False,,184,68,28,day1-baseline,day1-baseline
T0333,A0131,P078,B012,2026-08-16,2026-08-16 04:10:00,125140,NetBanking,PENDING,INR,ATM Withdrawal,False,False,,49,1,22,day1-baseline,day1-baseline
T0772,A0002,P044,B393,2026-06-27,2026-06-27 07:53:00,86653,Card,PENDING,INR,Bill Payment,False,False,DATE_RECONCILED_TO_TIMESTAMP,229,65,75,day1-baseline,day1-baseline
T0026,A0127,P015,B599,2025-08-30,2025-08-30 06:00:00,163700,NetBanking,FAILED,EUR,Online Purchase,False,False,NON_INR_CURRENCY,73,88,36,day1-baseline,day1-baseline
T0401,A0072,P037,B024,2025-10-01,2025-10-01 00:40:00,86735,UPI,SUCCESS,INR,EMI Payment,False,False,DATE_RECONCILED_TO_TIMESTAMP,10,98,48,day1-baseline,day1-baseline
T0278,A0034,P008,B037,2026-09-01,2026-09-01 13:50:00,119782,NetBanking,FAILED,INR,Salary Credit,False,False,,99,39,33,day1-baseline,day1-baseline
T0550,A1185,P057,B004,2026-01-20,2026-01-20 10:53:00,7414,Card,FAILED,INR,EMI Payment,False,False,,154,72,94,day1-baseline,day1-baseline
T0766,A3203,P079,B061,2025-08-01,2025-08-01 09:13:00,187836,NetBanking,PENDING,INR,Salary Credit,False,False,,194,102,13,day1-baseline,day1-baseline
T0479,A0046,P056,B063,2025-11-08,2025-11-08 08:07:00,99213,NetBanking,FAILED,INR,Salary Credit,False,False,,115,34,87,day1-baseline,day1-baseline
T0314,A0082,P064,B058,2025-12-13,2025-12-13 05:09:00,11492,UPI,SUCCESS,INR,Online Purchase,False,False,,136,67,63,day1-baseline,day1-baseline
T0411,A0091,P008,B061,2025-11-11,2025-11-11 12:12:00,59912,Card,FAILED,INR,Fund Transfer,False,False,DATE_RECONCILED_TO_TIMESTAMP,42,39,13,day1-baseline,day1-baseline
T0379,A7248,P033,B067,2026-07-18,2026-07-18 04:07:00,168859,UPI,PENDING,INR,,False,False,IS_REFUND_DEFAULTED,86,25,39,day1-baseline,day1-baseline
T0658,A0016,P085,B027,2026-01-01,2026-01-01 16:48:00,63927,NetBanking,PENDING,INR,ATM Withdrawal,False,False,,17,37,56,day1-baseline,day1-baseline
T0590,A0013,P037,B030,2026-06-02,2026-06-02 23:06:00,103390,NetBanking,SUCCESS,INR,ATM Withdrawal,False,False,,22,98,62,day1-baseline,day1-baseline
T0262,A0095,P048,B071,2026-01-08,2026-01-08 02:28:00,44343,UPI,SUCCESS,INR,,False,False,,76,13,76,day1-baseline,day1-baseline
T0741,A0007,P004,B010,2026-03-31,2026-03-31 05:39:00,93273,Card,SUCCESS,INR,Fund Transfer,False,False,,35,50,85,day1-baseline,day1-baseline
T0205,A5222,P003,B012,2025-09-02,2025-09-02 16:19:00,95804,UPI,PENDING,INR,Salary Credit,False,False,DATE_RECONCILED_TO_TIMESTAMP,138,81,22,day1-baseline,day1-baseline
T0749,A2187,P611,B060,2025-11-18,2025-11-18 13:35:00,105585,Cheque,PENDING,INR,Online Purchase,False,False,IS_REFUND_DEFAULTED,72,16,30,day1-baseline,day1-baseline
T0079,A7248,P046,B289,2025-12-27,2025-12-27 09:28:00,147571,UPI,FAILED,INR,Online Purchase,False,False,DATE_RECONCILED_TO_TIMESTAMP;IS_REFUND_DEFAULTED,86,18,47,day1-baseline,day1-baseline
T0715,A2187,P042,B035,2026-06-20,2026-06-20 21:25:00,142129,UPI,FAILED,INR,,False,False,IS_REFUND_DEFAULTED,72,82,27,day1-baseline,day1-baseline
T0394,A0082,P064,B072,2026-06-21,2026-06-21 16:10:00,98665,Card,FAILED,INR,Bill Payment,False,False,,136,67,64,day1-baseline,day1-baseline
T0535,A7244,P090,B054,2025-07-26,2025-07-26 16:54:00,159595,Cash,PENDING,INR,Bill Payment,False,False,DATE_RECONCILED_TO_TIMESTAMP,199,7,18,day1-baseline,day1-baseline
T0070,A0142,P058,B022,2026-08-08,2026-08-08 19:56:00,88500,Card,SUCCESS,INR,Salary Credit,False,False,,182,84,32,day1-baseline,day1-baseline
T0298,A1175,P093,B014,2025-12-08,2025-12-08 11:38:00,172259,Cash,FAILED,INR,,False,False,DATE_RECONCILED_TO_TIMESTAMP,212,31,88,day1-baseline,day1-baseline
T0813,A2187,P038,B286,2025-07-08,2025-07-08 07:02:00,39129,NetBanking,PENDING,INR,Fund Transfer,False,False,,72,89,14,day1-baseline,day1-baseline
T0674,A0084,P052,B050,2026-01-09,2026-01-09 19:09:00,133805,UPI,FAILED,INR,ATM Withdrawal,False,False,DATE_RECONCILED_TO_TIMESTAMP,80,61,28,day1-baseline,day1-baseline
T0560,A5231,P713,B008,2025-08-17,2025-08-17 12:36:00,99668,NetBanking,FAILED,INR,,False,False,IS_REFUND_DEFAULTED,142,45,93,day1-baseline,day1-baseline
T0659,A0141,P016,B060,2025-09-29,2025-09-29 07:24:00,165813,NetBanking,PENDING,INR,Online Purchase,False,False,,173,38,30,day1-baseline,day1-baseline
T0893,A1181,P087,B181,2026-02-02,2026-02-02 03:20:00,111451,Cash,FAILED,INR,EMI Payment,False,False,,2,56,9,day1-baseline,day1-baseline
T0210,A0031,P610,B062,2026-08-08,2026-08-08 19:56:00,106052,Card,FAILED,INR,Fund Transfer,True,False,,231,49,92,day1-baseline,day1-baseline
T0132,A0065,P050,B036,2026-07-01,2026-07-01 16:18:00,110418,UPI,SUCCESS,INR,ATM Withdrawal,False,False,DATE_AMBIGUOUS_RESOLVED_BY_TS;IS_REFUND_DEFAULTED,160,19,78,day1-baseline,day1-baseline
T0145,A1174,P022,B028,2026-08-21,2026-08-21 19:18:00,171695,UPI,SUCCESS,EUR,Bill Payment,False,False,NON_INR_CURRENCY,58,54,65,day1-baseline,day1-baseline
T0526,A0074,P092,B040,2026-04-11,2026-04-11 18:51:00,139415,Cheque,FAILED,INR,Online Purchase,False,False,,57,32,34,day1-baseline,day1-baseline
T0713,A0054,P004,B077,2026-09-03,2026-09-03 00:35:00,113285,UPI,SUCCESS,INR,Online Purchase,False,False,DATE_AMBIGUOUS_RESOLVED_BY_TS,170,50,73,day1-baseline,day1-baseline
T0517,A0013,P064,B054,2025-08-18,2025-08-18 10:20:00,32934,Cash,FAILED,INR,Salary Credit,False,False,IS_REFUND_DEFAULTED,22,67,18,day1-baseline,day1-baseline
T0765,A3202,P712,B016,2025-11-05,2025-11-05 17:08:00,150840,NetBanking,SUCCESS,INR,Salary Credit,False,False,DATE_AMBIGUOUS_RESOLVED_BY_TS,180,15,16,day1-baseline,day1-baseline
T0473,A7247,P036,B066,2026-04-04,2026-04-04 02:09:00,175371,Cash,SUCCESS,INR,Fund Transfer,False,False,,114,27,58,day1-baseline,day1-baseline
T0733,A0068,P506,B063,2025-07-09,2025-07-09 02:02:00,75033,NetBanking,FAILED,INR,Bill Payment,False,False,,33,55,87,day1-baseline,day1-baseline
T0350,A0069,P090,B004,2026-05-06,2026-05-06 14:32:00,98233,NetBanking,PENDING,INR,Bill Payment,False,False,DATE_AMBIGUOUS_RESOLVED_BY_TS;IS_REFUND_DEFAULTED,101,7,94,day1-baseline,day1-baseline
T0166,A0041,P024,B038,2026-07-25,2026-07-25 12:14:00,59987,NetBanking,PENDING,INR,,False,False,,200,91,71,day1-baseline,day1-baseline
T0177,A0027,P086,B495,2026-04-04,2026-04-04 13:07:00,61424,NetBanking,SUCCESS,INR,Fund Transfer,False,False,,25,41,38,day1-baseline,day1-baseline
T0308,A0007,P009,B031,2025-10-23,2025-10-23 18:40:00,144215,NetBanking,FAILED,INR,,False,False,,35,92,45,day1-baseline,day1-baseline
T0510,A0044,P012,B009,2026-01-16,2026-01-16 10:11:00,143385,Cash,FAILED,EUR,EMI Payment,False,False,NON_INR_CURRENCY,128,70,80,day1-baseline,day1-baseline
T0544,A0160,P713,B601,2026-01-23,2026-01-23 07:46:00,177644,Cash,PENDING,INR,EMI Payment,False,False,DATE_RECONCILED_TO_TIMESTAMP,92,45,21,day1-baseline,day1-baseline
T0606,A0139,P060,B018,2026-08-06,2026-08-06 01:13:00,7484,UPI,SUCCESS,INR,Bill Payment,False,False,,104,14,1,day1-baseline,day1-baseline
T0837,A6242,P050,B048,2026-08-13,2026-08-13 21:20:00,184108,NetBanking,PENDING,INR,ATM Withdrawal,False,False,DATE_RECONCILED_TO_TIMESTAMP,60,19,17,day1-baseline,day1-baseline
T0198,A0125,P008,B184,2026-09-08,2026-09-08 15:40:00,57045,Card,SUCCESS,INR,,True,False,,144,39,37,day1-baseline,day1-baseline
T0141,A7249,P024,B600,2026-03-01,2026-03-01 00:07:00,173057,NetBanking,FAILED,INR,Bill Payment,False,False,,130,91,70,day1-baseline,day1-baseline
T0760,A0077,P016,B058,2026-05-11,2026-05-11 18:23:00,115329,UPI,SUCCESS,INR,,False,False,IS_REFUND_DEFAULTED,188,38,63,day1-baseline,day1-baseline
T0462,A0146,P045,B027,2025-07-22,2025-07-22 20:09:00,157469,Card,PENDING,INR,Bill Payment,False,False,,156,57,56,day1-baseline,day1-baseline
T0075,A1173,P046,B034,2025-09-21,2025-09-21 09:11:00,46469,Card,PENDING,INR,Salary Credit,False,False,,187,18,7,day1-baseline,day1-baseline
T0258,A5232,P007,B003,2025-09-11,2025-09-11 09:16:00,47850,NetBanking,PENDING,INR,Bill Payment,False,False,DATE_RECONCILED_TO_TIMESTAMP,151,79,3,day1-baseline,day1-baseline
T0576,A0014,P091,B020,2025-11-15,2025-11-15 21:57:00,94965,Cash,SUCCESS,INR,,False,False,,155,83,24,day1-baseline,day1-baseline
T0631,A4718,P019,B034,2025-09-16,2025-09-16 09:11:00,118969,Card,PENDING,INR,EMI Payment,True,False,DATE_RECONCILED_TO_TIMESTAMP,54,2,7,day1-baseline,day1-baseline
T0677,A2189,P087,B063,2026-01-07,2026-01-07 22:12:00,11360,NetBanking,SUCCESS,INR,Bill Payment,False,False,DATE_RECONCILED_TO_TIMESTAMP,30,56,87,day1-baseline,day1-baseline
T0667,A0037,P043,B010,2025-09-03,2025-09-03 06:42:00,51315,UPI,PENDING,INR,EMI Payment,False,False,DATE_AMBIGUOUS_RESOLVED_BY_TS,189,30,85,day1-baseline,day1-baseline
T0825,A0028,P077,B008,2025-10-08,2025-10-08 01:56:00,90266,NetBanking,PENDING,INR,Bill Payment,False,False,,215,3,93,day1-baseline,day1-baseline
T0547,A3201,P712,B059,2026-06-13,2026-06-13 06:31:00,57328,Cash,FAILED,INR,EMI Payment,False,False,DATE_RECONCILED_TO_TIMESTAMP,213,15,96,day1-baseline,day1-baseline
T0721,A0122,P049,B497,2025-11-13,2025-11-13 01:24:00,94809,Card,SUCCESS,INR,Bill Payment,False,False,DATE_RECONCILED_TO_TIMESTAMP,201,52,31,day1-baseline,day1-baseline
T0600,A0059,P026,B069,2026-02-19,2026-02-19 21:51:00,79527,Cash,FAILED,INR,EMI Payment,False,False,,45,48,52,day1-baseline,day1-baseline
T0562,A0158,P506,B030,2026-07-26,2026-07-26 12:32:00,53468,Cash,SUCCESS,INR,Fund Transfer,True,False,DATE_RECONCILED_TO_TIMESTAMP,161,55,62,day1-baseline,day1-baseline
T0736,A0079,P713,B018,2026-08-19,2026-08-19 21:49:00,148494,NetBanking,SUCCESS,INR,Salary Credit,False,False,IS_REFUND_DEFAULTED,171,45,1,day1-baseline,day1-baseline
T0161,A0106,P001,B005,2025-07-24,2025-07-24 18:12:00,140869,Card,FAILED,INR,Bill Payment,False,False,IS_REFUND_DEFAULTED,167,40,44,day1-baseline,day1-baseline
T0876,A0088,P040,B496,2025-08-14,2025-08-14 21:11:00,12293,Cash,SUCCESS,INR,EMI Payment,True,False,,39,63,10,day1-baseline,day1-baseline
T0104,A0165,P036,B390,2026-02-11,2026-02-11 18:03:00,129044,Card,SUCCESS,INR,,False,False,,228,27,51,day1-baseline,day1-baseline
T0391,A0097,P043,B039,2026-03-05,2026-03-05 06:40:00,151809,UPI,FAILED,INR,ATM Withdrawal,False,False,IS_REFUND_DEFAULTED,9,30,97,day1-baseline,day1-baseline
T0228,A0105,P045,B285,2025-10-01,2025-10-01 14:11:00,46666,Card,FAILED,INR,Bill Payment,True,False,DATE_RECONCILED_TO_TIMESTAMP,94,57,20,day1-baseline,day1-baseline
T0764,A0062,P402,B056,2026-08-26,2026-08-26 02:40:00,172726,Cheque,SUCCESS,INR,Fund Transfer,False,False,,34,103,68,day1-baseline,day1-baseline
T0135,A0011,P072,B018,2026-04-24,2026-04-24 20:42:00,140298,Card,FAILED,INR,Salary Credit,False,False,,178,58,1,day1-baseline,day1-baseline
T0131,A0157,P049,B183,2026-06-15,2026-06-15 00:28:00,38664,NetBanking,SUCCESS,INR,Bill Payment,False,False,,102,52,49,day1-baseline,day1-baseline
T0222,A6237,P005,B049,2025-08-14,2025-08-14 04:40:00,158267,Cash,FAILED,INR,Online Purchase,False,False,,127,47,74,day1-baseline,day1-baseline
T0304,A0029,P503,B497,2025-12-31,2025-12-31 15:40:00,146411,Cash,PENDING,INR,,False,False,DATE_RECONCILED_TO_TIMESTAMP,77,101,31,day1-baseline,day1-baseline
T0447,A0022,P076,B391,2025-12-30,2025-12-30 19:30:00,147792,Card,FAILED,INR,Salary Credit,False,False,DATE_RECONCILED_TO_TIMESTAMP,172,46,19,day1-baseline,day1-baseline
T0678,A0090,P069,B063,2026-02-21,2026-02-21 18:06:00,160697,Cash,FAILED,INR,EMI Payment,False,False,IS_REFUND_DEFAULTED,82,96,87,day1-baseline,day1-baseline
T0820,A0051,P049,B034,2026-03-22,2026-03-22 16:25:00,155511,UPI,FAILED,INR,,False,False,,146,52,7,day1-baseline,day1-baseline
T0720,A0006,P072,B045,2026-09-25,2026-09-25 11:03:00,115672,Cash,PENDING,INR,EMI Payment,False,False,DATE_RECONCILED_TO_TIMESTAMP,5,58,12,day1-baseline,day1-baseline
T0612,A0008,P035,B077,2026-03-28,2026-03-28 20:14:00,170376,UPI,PENDING,INR,Online Purchase,False,False,IS_REFUND_DEFAULTED,202,99,73,day1-baseline,day1-baseline
T0289,A0146,P026,B066,2026-06-28,2026-06-28 21:33:00,68454,Cash,FAILED,INR,Bill Payment,False,False,,156,48,58,day1-baseline,day1-baseline
T0322,A6239,P401,B182,2025-09-05,2025-09-05 00:46:00,6035,Cash,PENDING,INR,,False,False,DATE_AMBIGUOUS_RESOLVED_BY_TS,48,78,95,day1-baseline,day1-baseline
T0834,A0152,P069,B071,2025-08-08,2025-08-08 03:30:00,98116,NetBanking,SUCCESS,INR,Bill Payment,False,False,IS_REFUND_DEFAULTED,81,96,76,day1-baseline,day1-baseline
T0636,A5230,P073,B004,2026-06-15,2026-06-15 23:52:00,22747,Card,SUCCESS,INR,Salary Credit,False,False,,68,68,94,day1-baseline,day1-baseline
T0758,A4719,P507,B601,2026-08-21,2026-08-21 12:08:00,154551,UPI,FAILED,INR,Fund Transfer,False,False,DATE_RECONCILED_TO_TIMESTAMP,90,74,21,day1-baseline,day1-baseline
T0604,A0164,P611,B035,2025-08-24,2025-08-24 08:55:00,42075,Cash,SUCCESS,INR,Online Purchase,False,False,,98,16,27,day1-baseline,day1-baseline
T0438,A0079,P014,B044,2026-04-30,2026-04-30 01:28:00,48977,Card,FAILED,INR,,False,False,,171,76,60,day1-baseline,day1-baseline
T0724,A0007,P048,B074,2025-12-10,2025-12-10 23:56:00,29176,UPI,FAILED,INR,EMI Payment,False,False,DATE_RECONCILED_TO_TIMESTAMP,35,13,42,day1-baseline,day1-baseline
T0614,A0150,P021,B497,2026-02-25,2026-02-25 01:32:00,121280,Cash,FAILED,INR,Fund Transfer,False,False,DATE_RECONCILED_TO_TIMESTAMP,222,21,31,day1-baseline,day1-baseline
T0080,A0053,P504,B068,2026-09-18,2026-09-18 10:04:00,155342,NetBanking,SUCCESS,INR,EMI Payment,False,False,,32,75,72,day1-baseline,day1-baseline
T0809,A0119,P092,B064,2026-03-06,2026-03-06 07:02:00,117785,UPI,FAILED,INR,,False,False,,153,32,46,day1-baseline,day1-baseline
T0613,A5230,P051,B034,2025-09-28,2025-09-28 13:11:00,55795,Cash,PENDING,INR,,True,False,,68,62,7,day1-baseline,day1-baseline
T0863,A7249,P022,B018,2026-09-26,2026-09-26 03:10:00,124296,UPI,SUCCESS,INR,Online Purchase,False,False,,130,54,1,day1-baseline,day1-baseline
T0555,A2198,P077,B011,2026-04-16,2026-04-16 02:51:00,76351,Card,FAILED,INR,Fund Transfer,False,False,,166,3,84,day1-baseline,day1-baseline
T0859,A7244,P087,B028,2025-11-17,2025-11-17 07:35:00,134882,Cash,FAILED,INR,,False,False,DATE_RECONCILED_TO_TIMESTAMP,199,56,65,day1-baseline,day1-baseline
T0767,A0138,P010,B077,2025-07-04,2025-07-04 20:21:00,143251,UPI,SUCCESS,INR,Online Purchase,False,False,DATE_RECONCILED_TO_TIMESTAMP,174,51,73,day1-baseline,day1-baseline
T0497,A0032,P401,B067,2026-09-01,2026-09-01 16:43:00,73628,UPI,FAILED,INR,Online Purchase,False,False,,179,78,39,day1-baseline,day1-baseline
T0696,A0115,P503,B036,2026-04-12,2026-04-12 20:11:00,185596,UPI,PENDING,INR,EMI Payment,False,False,DATE_AMBIGUOUS_RESOLVED_BY_TS,84,101,78,day1-baseline,day1-baseline
T0585,A2197,P611,B053,2025-08-12,2025-08-12 13:21:00,7157,Card,SUCCESS,INR,Fund Transfer,False,False,,41,16,61,day1-baseline,day1-baseline
T0789,A0005,P610,B045,2026-03-11,2026-03-11 06:59:00,120233,Cash,FAILED,INR,Salary Credit,False,False,DATE_RECONCILED_TO_TIMESTAMP,233,49,12,day1-baseline,day1-baseline
T0716,A0030,P020,B045,2025-08-02,2025-08-02 06:02:00,79693,UPI,SUCCESS,INR,EMI Payment,False,False,,158,80,12,day1-baseline,day1-baseline
T0536,A0157,P503,B073,2026-06-23,2026-06-23 16:09:00,164298,Card,PENDING,INR,,False,False,,102,101,59,day1-baseline,day1-baseline
T0107,A0020,P022,B063,2025-08-03,2025-08-03 11:26:00,158341,Card,FAILED,INR,Fund Transfer,False,False,DATE_RECONCILED_TO_TIMESTAMP,79,54,87,day1-baseline,day1-baseline
T0214,A0069,P026,B044,2026-04-03,2026-04-03 03:18:00,78927,UPI,FAILED,INR,Online Purchase,False,False,DATE_RECONCILED_TO_TIMESTAMP,101,48,60,day1-baseline,day1-baseline
T0601,A0023,P057,B032,2025-11-24,2025-11-24 00:53:00,155532,Cash,FAILED,INR,ATM Withdrawal,False,False,,209,72,2,day1-baseline,day1-baseline
T0662,A0038,P058,B022,2025-08-12,2025-08-12 05:28:00,82746,Cheque,FAILED,INR,Bill Payment,False,False,IS_REFUND_DEFAULTED,75,84,32,day1-baseline,day1-baseline
T0498,A7251,P016,B068,2026-08-06,2026-08-06 07:56:00,65705,NetBanking,PENDING,INR,Salary Credit,False,False,DATE_RECONCILED_TO_TIMESTAMP,13,38,72,day1-baseline,day1-baseline
T0610,A0006,P095,B070,2025-12-07,2025-12-07 20:37:00,7036,Cash,SUCCESS,INR,Salary Credit,False,False,,5,8,5,day1-baseline,day1-baseline
T0323,A0110,P402,B289,2026-01-08,2026-01-08 06:35:00,192739,NetBanking,SUCCESS,USD,,False,False,NON_INR_CURRENCY,129,103,47,day1-baseline,day1-baseline
T0274,A0120,P058,B053,2025-12-09,2025-12-09 21:04:00,44185,UPI,SUCCESS,INR,,False,False,DATE_RECONCILED_TO_TIMESTAMP;IS_REFUND_DEFAULTED,43,84,61,day1-baseline,day1-baseline
T0588,A0011,P062,B054,2026-09-23,2026-09-23 00:40:00,80419,NetBanking,FAILED,INR,Salary Credit,False,False,,178,24,18,day1-baseline,day1-baseline
T0290,A0144,P032,B078,2026-07-11,2026-07-11 03:57:00,46112,Cash,SUCCESS,INR,Fund Transfer,False,False,,119,60,82,day1-baseline,day1-baseline
T0073,A5230,P048,B496,2025-09-16,2025-09-16 16:40:00,6448,NetBanking,SUCCESS,INR,,True,False,,68,13,10,day1-baseline,day1-baseline
T9098,A6236,P014,B041,2026-09-30,2026-09-30 19:21:00,19834,Card,SUCCESS,INR,Online Purchase,False,False,IS_REFUND_DEFAULTED,55,76,11,day2-incremental,day2-incremental
T9006,A0069,P611,B598,2026-10-01,2026-10-01 18:42:00,52384,Card,SUCCESS,INR,ATM Withdrawal,False,False,DATE_RECONCILED_TO_TIMESTAMP,101,16,35,day2-incremental,day2-incremental
T9053,A0068,P090,B078,2026-10-01,2026-10-01 05:38:00,61164,UPI,SUCCESS,INR,Online Purchase,False,False,,33,7,82,day2-incremental,day2-incremental
T9029,A0130,P003,B008,2026-09-30,2026-09-30 21:02:00,22258,Cheque,FAILED,INR,ATM Withdrawal,False,False,IS_REFUND_DEFAULTED,31,81,93,day2-incremental,day2-incremental
T9061,A7247,P072,B599,2026-10-01,2026-10-01 16:59:00,83799,Cash,FAILED,INR,,False,False,DATE_RECONCILED_TO_TIMESTAMP,114,58,36,day2-incremental,day2-incremental
T9058,A0145,P007,B067,2026-10-01,2026-10-01 19:08:00,6798,Cash,SUCCESS,INR,,False,False,,3,79,39,day2-incremental,day2-incremental
T9078,A0069,P093,B045,2026-09-30,2026-09-30 02:08:00,36441,UPI,FAILED,INR,,False,False,IS_REFUND_DEFAULTED,101,31,12,day2-incremental,day2-incremental
T0577,A0143,P079,B076,2026-01-18,2026-01-18 12:12:00,37293,Card,SUCCESS,INR,Online Purchase,False,True,LATE_CORRECTION,181,102,40,day2-incremental,day1-baseline
T9047,A5226,P023,B013,2026-09-30,2026-09-30 02:51:00,189600,NetBanking,FAILED,INR,ATM Withdrawal,False,False,,37,11,67,day2-incremental,day2-incremental
T9010,A0067,P093,B601,2026-10-01,2026-10-01 10:08:00,57274,NetBanking,SUCCESS,INR,Online Purchase,False,False,,50,31,21,day2-incremental,day2-incremental
T0849,A0030,P078,B032,2026-05-17,2026-05-17 15:47:00,70732,Cash,FAILED,INR,Salary Credit,False,True,LATE_CORRECTION,158,1,2,day2-incremental,day1-baseline
T9159,A0115,P611,B044,2026-09-30,2026-09-30 01:41:00,173779,Cheque,PENDING,INR,EMI Payment,False,False,IS_REFUND_DEFAULTED,84,16,60,day2-incremental,day2-incremental
T9135,A5228,P041,B021,2026-10-01,2026-10-01 22:59:00,117948,UPI,FAILED,INR,Fund Transfer,False,False,DATE_AMBIGUOUS_RESOLVED_BY_TS,150,10,53,day2-incremental,day2-incremental
T9036,A0118,P037,B184,2026-10-01,2026-10-01 18:36:00,80732,UPI,PENDING,EUR,EMI Payment,True,False,NON_INR_CURRENCY,4,98,37,day2-incremental,day2-incremental
T9081,A6237,P084,B015,2026-10-01,2026-10-01 20:10:00,121057,Cash,FAILED,INR,Bill Payment,False,False,,127,97,66,day2-incremental,day2-incremental
T9122,A0029,P067,B056,2026-10-01,2026-10-01 13:57:00,47555,Cash,FAILED,INR,EMI Payment,False,False,DATE_AMBIGUOUS_RESOLVED_BY_TS,77,104,68,day2-incremental,day2-incremental
T9124,A6240,P609,B028,2026-09-30,2026-09-30 14:30:00,167236,Cash,SUCCESS,INR,Online Purchase,False,False,IS_REFUND_DEFAULTED,139,59,65,day2-incremental,day2-incremental
T9178,A3203,P065,B065,2026-10-01,2026-10-01 01:31:00,106646,NetBanking,SUCCESS,INR,EMI Payment,False,False,,194,22,69,day2-incremental,day2-incremental
T9180,A0119,P008,B073,2026-10-01,2026-10-01 19:42:00,82832,Cash,FAILED,INR,,False,False,,153,39,59,day2-incremental,day2-incremental
T9021,A0125,P047,B392,2026-09-30,2026-09-30 09:37:00,172060,Card,SUCCESS,INR,Online Purchase,False,False,,144,5,25,day2-incremental,day2-incremental
T9154,A5222,P018,B027,2026-10-01,2026-10-01 04:30:00,51144,Cash,FAILED,INR,Bill Payment,False,False,DATE_RECONCILED_TO_TIMESTAMP,138,90,56,day2-incremental,day2-incremental
T9116,A0147,P003,B058,2026-10-01,2026-10-01 01:20:00,42765,NetBanking,PENDING,INR,Salary Credit,False,False,,176,81,63,day2-incremental,day2-incremental
T9039,A3201,P073,B032,2026-10-01,2026-10-01 16:00:00,8864,Card,PENDING,INR,EMI Payment,False,False,,213,68,2,day2-incremental,day2-incremental
T9015,A6241,P042,B392,2026-09-30,2026-09-30 13:50:00,27046,Cash,PENDING,INR,Salary Credit,False,False,DATE_RECONCILED_TO_TIMESTAMP;IS_REFUND_DEFAULTED,65,82,25,day2-incremental,day2-incremental
T9059,A0013,P036,B065,2026-10-01,2026-10-01 09:25:00,29263,Cash,SUCCESS,INR,Salary Credit,False,False,DATE_RECONCILED_TO_TIMESTAMP,22,27,69,day2-incremental,day2-incremental
T9136,A0009,P051,B064,2026-09-30,2026-09-30 11:39:00,168183,UPI,SUCCESS,INR,Online Purchase,False,False,,23,62,46,day2-incremental,day2-incremental
T9018,A0090,P010,B062,2026-10-01,2026-10-01 00:13:00,104154,NetBanking,PENDING,INR,Bill Payment,False,False,,82,51,92,day2-incremental,day2-incremental
T9169,A0157,P086,B021,2026-10-01,2026-10-01 10:14:00,70812,NetBanking,SUCCESS,INR,Salary Credit,False,False,,102,41,53,day2-incremental,day2-incremental
T9133,A1175,P029,B390,2026-10-01,2026-10-01 01:16:00,120537,UPI,FAILED,INR,EMI Payment,False,False,,212,36,51,day2-incremental,day2-incremental
T9127,A1181,P504,B010,2026-10-01,2026-10-01 21:04:00,88675,UPI,FAILED,INR,ATM Withdrawal,True,False,DATE_RECONCILED_TO_TIMESTAMP,2,75,85,day2-incremental,day2-incremental
T9012,A0077,P075,B045,2026-10-01,2026-10-01 10:36:00,17889,Cash,PENDING,INR,Online Purchase,False,False,,188,42,12,day2-incremental,day2-incremental
T0427,A0004,P013,B006,2026-06-30,2026-06-30 06:36:00,51513,NetBanking,SUCCESS,INR,Bill Payment,False,True,DATE_RECONCILED_TO_TIMESTAMP;LATE_CORRECTION,91,43,43,day2-incremental,day1-baseline
T9079,A0134,P059,B046,2026-10-01,2026-10-01 21:35:00,56098,Card,FAILED,INR,Bill Payment,False,False,DATE_RECONCILED_TO_TIMESTAMP,1,86,41,day2-incremental,day2-incremental
T9042,A0053,P094,B048,2026-09-30,2026-09-30 11:43:00,63608,Cash,SUCCESS,INR,ATM Withdrawal,False,False,,32,4,17,day2-incremental,day2-incremental
T9121,A1179,P091,B050,2026-10-01,2026-10-01 23:13:00,158771,NetBanking,SUCCESS,INR,ATM Withdrawal,False,False,DATE_RECONCILED_TO_TIMESTAMP,220,83,28,day2-incremental,day2-incremental
T9171,A0140,P036,B052,2026-10-01,2026-10-01 01:36:00,165239,Cash,SUCCESS,INR,Bill Payment,False,False,,192,27,91,day2-incremental,day2-incremental
T0598,A0109,P091,B012,2025-09-13,2025-09-13 20:09:00,192325,NetBanking,SUCCESS,INR,,False,True,LATE_CORRECTION,21,83,22,day2-incremental,day1-baseline
T9027,A7250,P078,B496,2026-09-30,2026-09-30 14:37:00,142792,NetBanking,FAILED,INR,ATM Withdrawal,False,False,,74,1,10,day2-incremental,day2-incremental
T9024,A7244,P074,B003,2026-09-30,2026-09-30 16:35:00,172257,UPI,PENDING,INR,Salary Credit,False,False,IS_REFUND_DEFAULTED,199,17,3,day2-incremental,day2-incremental
T9096,A0090,P001,B074,2026-09-30,2026-09-30 13:08:00,124731,NetBanking,SUCCESS,INR,,False,False,,82,40,42,day2-incremental,day2-incremental
T9102,A0031,P609,B078,2026-10-01,2026-10-01 14:13:00,42894,NetBanking,FAILED,INR,Salary Credit,False,False,,231,59,82,day2-incremental,day2-incremental
T0358,A0155,P051,B052,2026-01-10,2026-01-10 03:06:00,104243,NetBanking,SUCCESS,INR,Salary Credit,False,True,DATE_AMBIGUOUS_RESOLVED_BY_TS;LATE_CORRECTION,134,62,91,day2-incremental,day1-baseline
T9087,A0126,P065,B059,2026-10-01,2026-10-01 18:28:00,95784,UPI,FAILED,INR,EMI Payment,False,False,DATE_AMBIGUOUS_RESOLVED_BY_TS,62,22,96,day2-incremental,day2-incremental
T9005,A0104,P041,B023,2026-10-01,2026-10-01 15:34:00,108648,UPI,FAILED,INR,EMI Payment,False,False,DATE_RECONCILED_TO_TIMESTAMP,235,10,29,day2-incremental,day2-incremental
T9158,A0107,P003,B012,2026-10-01,2026-10-01 00:33:00,51238,UPI,FAILED,INR,Fund Transfer,False,False,,95,81,22,day2-incremental,day2-incremental
T9176,A0093,P072,B181,2026-10-01,2026-10-01 19:49:00,43809,Card,FAILED,INR,EMI Payment,False,False,,121,58,9,day2-incremental,day2-incremental
T0053,A0050,P504,B392,2026-09-12,2026-09-12 12:42:00,170344,Cash,SUCCESS,INR,Fund Transfer,False,True,DATE_AMBIGUOUS_RESOLVED_BY_TS;LATE_CORRECTION,159,75,25,day2-incremental,day1-baseline
T9179,A0014,P609,B060,2026-09-30,2026-09-30 21:16:00,182489,UPI,SUCCESS,INR,Fund Transfer,False,False,DATE_RECONCILED_TO_TIMESTAMP,155,59,30,day2-incremental,day2-incremental
T9038,A5224,P016,B181,2026-09-30,2026-09-30 16:17:00,51474,UPI,PENDING,INR,,False,False,IS_REFUND_DEFAULTED,135,38,9,day2-incremental,day2-incremental
T9104,A0145,P078,B029,2026-09-30,2026-09-30 17:39:00,9469,UPI,PENDING,INR,ATM Withdrawal,False,False,,3,1,23,day2-incremental,day2-incremental
T9020,A0061,P009,B070,2026-10-01,2026-10-01 15:42:00,54270,UPI,SUCCESS,INR,Online Purchase,False,False,DATE_AMBIGUOUS_RESOLVED_BY_TS;IS_REFUND_DEFAULTED,140,92,5,day2-incremental,day2-incremental
T9164,A0021,P507,B058,2026-09-30,2026-09-30 18:18:00,81250,Cash,SUCCESS,INR,ATM Withdrawal,False,False,,61,74,63,day2-incremental,day2-incremental
T9063,A0036,P017,B074,2026-09-30,2026-09-30 15:55:00,11427,Card,FAILED,INR,Online Purchase,False,False,,105,73,42,day2-incremental,day2-incremental
T9051,A0120,P087,B069,2026-09-30,2026-09-30 15:11:00,73808,NetBanking,PENDING,INR,EMI Payment,False,False,DATE_RECONCILED_TO_TIMESTAMP,43,56,52,day2-incremental,day2-incremental
T9052,A6237,P044,B021,2026-10-01,2026-10-01 03:01:00,80932,UPI,PENDING,INR,Bill Payment,False,False,,127,65,53,day2-incremental,day2-incremental
T9173,A5227,P035,B052,2026-10-01,2026-10-01 23:13:00,104069,NetBanking,FAILED,INR,Online Purchase,False,False,DATE_RECONCILED_TO_TIMESTAMP,64,99,91,day2-incremental,day2-incremental
T9074,A0106,P037,B054,2026-09-30,2026-09-30 17:21:00,69671,UPI,SUCCESS,INR,Fund Transfer,False,False,,167,98,18,day2-incremental,day2-incremental
T9003,A4718,P078,B600,2026-10-01,2026-10-01 08:24:00,192183,UPI,SUCCESS,INR,Salary Credit,False,False,DATE_RECONCILED_TO_TIMESTAMP,54,1,70,day2-incremental,day2-incremental
T9137,A0073,P057,B057,2026-10-01,2026-10-01 05:50:00,147560,NetBanking,SUCCESS,INR,,False,False,DATE_RECONCILED_TO_TIMESTAMP,208,72,86,day2-incremental,day2-incremental
T9115,A0062,P070,B038,2026-09-30,2026-09-30 16:12:00,5853,NetBanking,PENDING,INR,,False,False,,34,12,71,day2-incremental,day2-incremental
T9145,A3208,P003,B067,2026-09-30,2026-09-30 21:08:00,108403,UPI,FAILED,INR,Fund Transfer,True,False,,239,81,39,day2-incremental,day2-incremental
T9149,A0025,P299,B285,2026-09-30,2026-09-30 12:02:00,81326,UPI,FAILED,INR,Online Purchase,False,False,,40,112,20,day2-incremental,day2-incremental
T9089,A0116,P042,B028,2026-09-30,2026-09-30 08:32:00,52482,Card,PENDING,INR,,False,False,,237,82,65,day2-incremental,day2-incremental
T9128,A1177,P001,B070,2026-10-01,2026-10-01 21:40:00,163970,Cash,SUCCESS,INR,EMI Payment,False,False,,111,40,5,day2-incremental,day2-incremental
T9050,A0022,P048,B497,2026-10-01,2026-10-01 18:04:00,89845,Cash,PENDING,INR,EMI Payment,False,False,,172,13,31,day2-incremental,day2-incremental
T9085,A5224,P071,B073,2026-09-30,2026-09-30 18:12:00,5223,UPI,FAILED,INR,Salary Credit,False,False,,135,44,59,day2-incremental,day2-incremental
T9123,A0121,P070,B497,2026-10-01,2026-10-01 12:13:00,14320,Cash,PENDING,EUR,,False,False,NON_INR_CURRENCY,85,12,31,day2-incremental,day2-incremental
T9088,A0127,P042,B289,2026-10-01,2026-10-01 17:57:00,129723,UPI,PENDING,INR,Salary Credit,False,False,,73,82,47,day2-incremental,day2-incremental
T9013,A0163,P061,B005,2026-10-01,2026-10-01 08:59:00,103734,NetBanking,FAILED,INR,EMI Payment,False,False,DATE_RECONCILED_TO_TIMESTAMP;IS_REFUND_DEFAULTED,190,28,44,day2-incremental,day2-incremental
T9048,A0020,P074,B023,2026-10-01,2026-10-01 02:55:00,36691,NetBanking,SUCCESS,INR,ATM Withdrawal,False,False,,79,17,29,day2-incremental,day2-incremental
T9001,A0078,P037,B031,2026-09-30,2026-09-30 02:36:00,153737,UPI,SUCCESS,INR,Online Purchase,False,False,,211,98,45,day2-incremental,day2-incremental
T9057,A0045,P037,B064,2026-09-30,2026-09-30 06:27:00,118821,NetBanking,FAILED,INR,Online Purchase,False,False,,29,98,46,day2-incremental,day2-incremental
T9023,A0082,P070,B019,2026-09-30,2026-09-30 12:03:00,21428,Cash,SUCCESS,INR,,False,False,,136,12,81,day2-incremental,day2-incremental
T9004,A2200,P507,B027,2026-10-01,2026-10-01 09:15:00,116056,UPI,SUCCESS,INR,Online Purchase,False,False,DATE_RECONCILED_TO_TIMESTAMP,124,74,56,day2-incremental,day2-incremental
T0097,A7246,P072,B070,2026-06-22,2026-06-22 15:37:00,6329,Cash,FAILED,INR,,False,True,DATE_RECONCILED_TO_TIMESTAMP;LATE_CORRECTION,78,58,5,day2-incremental,day1-baseline
T9138,A6238,P073,B050,2026-09-30,2026-09-30 09:32:00,19202,NetBanking,SUCCESS,INR,Salary Credit,False,False,,164,68,28,day2-incremental,day2-incremental
T9167,A0110,P016,B287,2026-10-01,2026-10-01 16:01:00,160620,UPI,FAILED,INR,ATM Withdrawal,False,False,DATE_AMBIGUOUS_RESOLVED_BY_TS,129,38,89,day2-incremental,day2-incremental
T9014,A0143,P050,B023,2026-10-01,2026-10-01 18:09:00,78569,NetBanking,FAILED,INR,EMI Payment,False,False,,181,19,29,day2-incremental,day2-incremental
T0256,A0079,P054,B048,2026-07-26,2026-07-26 08:53:00,145440,Cheque,FAILED,INR,Bill Payment,False,True,LATE_CORRECTION,171,64,17,day2-incremental,day1-baseline
T9009,A0052,P074,B031,2026-09-30,2026-09-30 03:48:00,54956,Card,FAILED,INR,,False,False,,89,17,45,day2-incremental,day2-incremental
T9070,A0153,P026,B042,2026-10-01,2026-10-01 04:10:00,74306,NetBanking,FAILED,INR,Salary Credit,False,False,,175,48,83,day2-incremental,day2-incremental
T9162,A0115,P084,B069,2026-10-01,2026-10-01 12:22:00,112060,Cash,SUCCESS,INR,Salary Credit,False,False,DATE_AMBIGUOUS_RESOLVED_BY_TS;IS_REFUND_DEFAULTED,84,97,52,day2-incremental,day2-incremental
T9106,A0025,P090,B496,2026-10-01,2026-10-01 03:34:00,81896,Card,FAILED,USD,Bill Payment,False,False,NON_INR_CURRENCY,40,7,10,day2-incremental,day2-incremental
T9152,A0018,P084,B033,2026-09-30,2026-09-30 17:24:00,87084,Card,SUCCESS,INR,ATM Withdrawal,False,False,IS_REFUND_DEFAULTED,149,97,8,day2-incremental,day2-incremental
T9109,A0081,P067,B494,2026-10-01,2026-10-01 11:26:00,159230,Cash,PENDING,INR,Fund Transfer,False,False,,185,104,15,day2-incremental,day2-incremental
T9016,A0109,P004,B061,2026-09-30,2026-09-30 00:31:00,55083,Cash,PENDING,INR,Online Purchase,False,False,DATE_RECONCILED_TO_TIMESTAMP,21,50,13,day2-incremental,day2-incremental
T9112,A2192,P085,B018,2026-10-01,2026-10-01 21:19:00,46143,UPI,FAILED,INR,Online Purchase,False,False,,51,37,1,day2-incremental,day2-incremental
T9141,A0048,P033,B285,2026-10-01,2026-10-01 23:57:00,13034,UPI,PENDING,INR,ATM Withdrawal,False,False,,162,25,20,day2-incremental,day2-incremental
T9120,A3210,P027,B050,2026-09-30,2026-09-30 01:19:00,181181,UPI,PENDING,INR,Online Purchase,False,False,,203,9,28,day2-incremental,day2-incremental
T9077,A0002,P079,B599,2026-09-30,2026-09-30 08:04:00,88345,Card,SUCCESS,INR,Online Purchase,False,False,,229,102,36,day2-incremental,day2-incremental
T9140,A0096,P090,B026,2026-09-30,2026-09-30 23:27:00,57026,NetBanking,FAILED,INR,Bill Payment,False,False,,184,7,57,day2-incremental,day2-incremental
T9064,A7246,P080,B021,2026-09-30,2026-09-30 18:41:00,156021,Cash,FAILED,INR,Bill Payment,False,False,,78,85,53,day2-incremental,day2-incremental
T9163,A0039,P070,B045,2026-09-30,2026-09-30 15:53:00,154934,Card,SUCCESS,INR,Fund Transfer,False,False,,6,12,12,day2-incremental,day2-incremental
T9045,A4718,P029,B018,2026-09-30,2026-09-30 02:24:00,171126,NetBanking,SUCCESS,INR,Bill Payment,False,False,,54,36,1,day2-incremental,day2-incremental
T9076,A0055,P033,B014,2026-09-30,2026-09-30 22:48:00,53131,Card,PENDING,INR,,False,False,,168,25,88,day2-incremental,day2-incremental
T9155,A1172,P086,B181,2026-10-01,2026-10-01 17:05:00,176587,UPI,PENDING,INR,ATM Withdrawal,False,False,DATE_AMBIGUOUS_RESOLVED_BY_TS,232,41,9,day2-incremental,day2-incremental
T9114,A0102,P009,B041,2026-09-30,2026-09-30 22:38:00,30283,Cash,SUCCESS,INR,Fund Transfer,False,False,,204,92,11,day2-incremental,day2-incremental
T9082,A1172,P037,B289,2026-09-30,2026-09-30 18:37:00,63896,NetBanking,PENDING,INR,Online Purchase,False,False,,232,98,47,day2-incremental,day2-incremental
T9008,A0021,P038,B184,2026-10-01,2026-10-01 07:13:00,194535,Card,FAILED,INR,Bill Payment,False,False,DATE_AMBIGUOUS_RESOLVED_BY_TS,61,89,37,day2-incremental,day2-incremental
T9105,A0047,P090,B182,2026-10-01,2026-10-01 21:22:00,78513,Cash,SUCCESS,INR,Online Purchase,False,False,DATE_RECONCILED_TO_TIMESTAMP,157,7,95,day2-incremental,day2-incremental
T9147,A0069,P044,B045,2026-10-01,2026-10-01 23:37:00,108400,UPI,SUCCESS,INR,EMI Payment,False,False,DATE_RECONCILED_TO_TIMESTAMP,101,65,12,day2-incremental,day2-incremental
T9033,A0017,P069,B018,2026-10-01,2026-10-01 17:02:00,157470,Cash,SUCCESS,INR,,False,False,,225,96,1,day2-incremental,day2-incremental
T9049,A0039,P094,B288,2026-09-30,2026-09-30 17:36:00,183185,NetBanking,SUCCESS,INR,Salary Credit,False,False,,6,4,6,day2-incremental,day2-incremental
T9156,A0143,P086,B599,2026-09-30,2026-09-30 03:09:00,107090,Cash,FAILED,INR,Bill Payment,True,False,,181,41,36,day2-incremental,day2-incremental
T9134,A0133,P038,B040,2026-10-01,2026-10-01 18:34:00,160746,Cash,PENDING,INR,EMI Payment,False,False,,240,89,34,day2-incremental,day2-incremental
T9150,A0066,P035,B598,2026-09-30,2026-09-30 23:14:00,132764,NetBanking,PENDING,INR,Bill Payment,False,False,DATE_RECONCILED_TO_TIMESTAMP,71,99,35,day2-incremental,day2-incremental
T9146,A1174,P017,B599,2026-10-01,2026-10-01 10:05:00,23244,UPI,SUCCESS,INR,Online Purchase,False,False,DATE_RECONCILED_TO_TIMESTAMP,58,73,36,day2-incremental,day2-incremental
T9161,A0098,P031,B598,2026-09-30,2026-09-30 08:55:00,22371,UPI,SUCCESS,INR,,False,False,DATE_RECONCILED_TO_TIMESTAMP;IS_REFUND_DEFAULTED,205,105,35,day2-incremental,day2-incremental
T9086,A0003,P010,B003,2026-09-30,2026-09-30 13:38:00,55765,Cheque,FAILED,INR,,False,False,,183,51,3,day2-incremental,day2-incremental
T0064,A5229,P034,B040,2026-07-24,2026-07-24 03:47:00,14251,Cash,SUCCESS,INR,Fund Transfer,False,True,LATE_CORRECTION,87,26,34,day2-incremental,day1-baseline
T9153,A7250,P009,B028,2026-09-30,2026-09-30 06:34:00,17547,Card,SUCCESS,INR,EMI Payment,False,False,,74,92,65,day2-incremental,day2-incremental
T9118,A0145,P045,B074,2026-09-30,2026-09-30 09:38:00,108115,Card,FAILED,INR,Salary Credit,False,False,,3,57,42,day2-incremental,day2-incremental
T9177,A0036,P506,B021,2026-09-30,2026-09-30 11:20:00,79927,NetBanking,FAILED,INR,Online Purchase,False,False,,105,55,53,day2-incremental,day2-incremental
T9080,A0155,P712,B038,2026-09-30,2026-09-30 13:46:00,93817,Cash,PENDING,INR,Fund Transfer,False,False,,134,15,71,day2-incremental,day2-incremental
T9069,A3209,P070,B026,2026-10-01,2026-10-01 21:37:00,153215,NetBanking,PENDING,INR,Salary Credit,True,False,,107,12,57,day2-incremental,day2-incremental
T9028,A3208,P094,B033,2026-10-01,2026-10-01 11:42:00,105853,Card,FAILED,INR,Online Purchase,False,False,,239,4,8,day2-incremental,day2-incremental
T9062,A0150,P048,B009,2026-09-30,2026-09-30 03:27:00,24986,NetBanking,FAILED,INR,Online Purchase,False,False,,222,13,80,day2-incremental,day2-incremental
T9044,A0039,P080,B020,2026-10-01,2026-10-01 12:45:00,188704,UPI,PENDING,INR,ATM Withdrawal,False,False,DATE_RECONCILED_TO_TIMESTAMP,6,85,24,day2-incremental,day2-incremental
T9117,A0018,P042,B028,2026-09-30,2026-09-30 20:51:00,179992,UPI,SUCCESS,INR,EMI Payment,False,False,DATE_RECONCILED_TO_TIMESTAMP,149,82,65,day2-incremental,day2-incremental
T9101,A0059,P028,B041,2026-10-01,2026-10-01 11:14:00,22665,NetBanking,SUCCESS,INR,Bill Payment,False,False,,45,66,11,day2-incremental,day2-incremental
T9131,A0110,P055,B049,2026-09-30,2026-09-30 23:33:00,100442,UPI,SUCCESS,INR,Salary Credit,False,False,,129,29,74,day2-incremental,day2-incremental
T9031,A0070,P042,B039,2026-09-30,2026-09-30 09:00:00,141022,UPI,SUCCESS,INR,Salary Credit,False,False,,83,82,97,day2-incremental,day2-incremental
T9066,A0049,P001,B060,2026-09-30,2026-09-30 16:23:00,79097,Cash,FAILED,INR,Fund Transfer,False,False,IS_REFUND_DEFAULTED,52,40,30,day2-incremental,day2-incremental
T9030,A0126,P505,B288,2026-10-01,2026-10-01 13:34:00,157656,Cash,SUCCESS,INR,Bill Payment,False,False,DATE_RECONCILED_TO_TIMESTAMP,62,95,6,day2-incremental,day2-incremental
T9148,A0100,P507,B077,2026-10-01,2026-10-01 22:14:00,181813,Cash,PENDING,INR,Online Purchase,False,False,DATE_AMBIGUOUS_RESOLVED_BY_TS,238,74,73,day2-incremental,day2-incremental
T9165,A0033,P067,B074,2026-09-30,2026-09-30 10:46:00,58450,NetBanking,FAILED,INR,,False,False,,141,104,42,day2-incremental,day2-incremental
T9157,A2190,P018,B011,2026-09-30,2026-09-30 05:42:00,66051,Card,SUCCESS,INR,Fund Transfer,False,False,,223,90,84,day2-incremental,day2-incremental
T9092,A0149,P033,B008,2026-10-01,2026-10-01 18:20:00,71184,Cash,PENDING,INR,EMI Payment,False,False,,145,25,93,day2-incremental,day2-incremental
T9126,A6243,P506,B050,2026-09-30,2026-09-30 09:18:00,70873,Cash,PENDING,INR,EMI Payment,False,False,,177,55,28,day2-incremental,day2-incremental
T9034,A0022,P093,B067,2026-09-30,2026-09-30 16:48:00,25562,Card,SUCCESS,INR,Salary Credit,False,False,,172,31,39,day2-incremental,day2-incremental
T9073,A0060,P504,B045,2026-09-30,2026-09-30 12:15:00,186853,Card,SUCCESS,INR,Online Purchase,False,False,,117,75,12,day2-incremental,day2-incremental
T9007,A0081,P506,B053,2026-10-01,2026-10-01 00:43:00,86074,Card,PENDING,INR,Bill Payment,False,False,,185,55,61,day2-incremental,day2-incremental
T9174,A0032,P091,B075,2026-09-30,2026-09-30 11:20:00,189939,NetBanking,PENDING,INR,ATM Withdrawal,False,False,,179,83,77,day2-incremental,day2-incremental
T9011,A0059,P065,B022,2026-10-01,2026-10-01 20:42:00,124639,UPI,PENDING,INR,,False,False,,45,22,32,day2-incremental,day2-incremental
T9067,A0102,P007,B032,2026-09-30,2026-09-30 15:30:00,120006,Card,FAILED,INR,Online Purchase,False,False,,204,79,2,day2-incremental,day2-incremental
